Gen,Domain_idpc_ndu_302_12_4930,Node_idpc_ndu_302_12_4930,Edge_idpc_ndu_302_12_4930,Domain_idpc_ndu_1002_12_82252,Node_idpc_ndu_1002_12_82252,Edge_idpc_ndu_1002_12_82252,Domain_idpc_ndu_1506_9_130556,Node_idpc_ndu_1506_9_130556,Edge_idpc_ndu_1506_9_130556,Domain_idpc_ndu_2494_12_276620,Node_idpc_ndu_2494_12_276620,Edge_idpc_ndu_2494_12_276620,Domain_idpc_ndu_2715_22_592246,Node_idpc_ndu_2715_22_592246,Edge_idpc_ndu_2715_22_592246
0,0.333333333,0.191169978,0.135469912,0.288888889,0.124750499,0.103187764,0.392592593,0.191190792,0.360136136,0.316666667,0.163646084,0.303229701,0.163636364,0.064775936,0.026006198
1,0.394444444,0.256512141,0.216470588,0.305555556,0.138389887,0.113150643,0.451851852,0.257459053,0.489152548,0.333333333,0.181555734,0.337807823,0.190909091,0.089109883,0.036317116
2,0.327777778,0.186754967,0.143340095,0.377777778,0.210512309,0.17833001,0.414814815,0.216157592,0.408501588,0.388888889,0.238706228,0.441998168,0.2,0.09893186,0.041438074
3,0.388888889,0.237748344,0.165584855,0.327777778,0.160944777,0.134316491,0.377777778,0.174324923,0.327173014,0.305555556,0.151617215,0.280988841,0.245454545,0.140159607,0.059988023
4,0.338888889,0.188741722,0.135442867,0.388888889,0.222687957,0.188887808,0.488888889,0.299380257,0.57510034,0.377777778,0.227479284,0.422681175,0.245454545,0.138391651,0.058766684
5,0.333333333,0.192935982,0.106747803,0.377777778,0.212641384,0.183095852,0.437037037,0.236874723,0.44215458,0.333333333,0.177439187,0.32541995,0.254545455,0.146617557,0.062588406
6,0.322222222,0.182119205,0.142663962,0.383333333,0.215635396,0.181690415,0.466666667,0.271890217,0.517333047,0.344444444,0.185298049,0.334197334,0.224242424,0.122946593,0.053128824
7,0.344444444,0.206622517,0.133941853,0.361111111,0.189886893,0.156838334,0.525925926,0.342629482,0.664485738,0.361111111,0.209248864,0.38950088,0.242424242,0.137237569,0.059213232
8,0.316666667,0.172406181,0.107762001,0.344444444,0.177245509,0.149069526,0.459259259,0.266578132,0.507295465,0.377777778,0.226570436,0.4203791,0.224242424,0.122701044,0.053000611
9,0.316666667,0.173730684,0.127423935,0.327777778,0.156021291,0.126585777,0.414814815,0.214209827,0.402410715,0.366666667,0.217321572,0.407725881,0.215151515,0.111823204,0.046951886
10,0.327777778,0.18807947,0.103177823,0.333333333,0.162608117,0.131867108,0.444444444,0.254670208,0.495494143,0.333333333,0.179043037,0.329950353,0.221212121,0.118158379,0.050012776
11,0.327777778,0.180794702,0.105801217,0.366666667,0.200266134,0.171746989,0.4,0.202833112,0.388644975,0.338888889,0.181903234,0.330152797,0.215151515,0.109932474,0.045422904
12,0.338888889,0.196688742,0.14066261,0.3,0.136061211,0.113370293,0.42962963,0.233111996,0.443130917,0.288888889,0.130419674,0.234654279,0.178787879,0.079410681,0.032467139
13,0.305555556,0.155408389,0.104881677,0.35,0.18576181,0.156931544,0.407407407,0.209561753,0.403031139,0.338888889,0.183881315,0.336758248,0.163636364,0.065880909,0.027089531
14,0.327777778,0.185430464,0.152887086,0.327777778,0.161144378,0.132799202,0.422222222,0.223992917,0.426571484,0.355555556,0.200080192,0.367416914,0.23030303,0.125377532,0.052972807
15,0.288888889,0.141942605,0.092968222,0.316666667,0.147238856,0.11931949,0.466666667,0.2770695,0.539002931,0.322222222,0.164341085,0.296355771,0.203030303,0.102934316,0.043603728
16,0.344444444,0.198013245,0.144367816,0.311111111,0.150365935,0.129377199,0.392592593,0.197786631,0.386480386,0.355555556,0.20422347,0.379250235,0.23030303,0.126654389,0.054030364
17,0.333333333,0.186975717,0.131034483,0.333333333,0.16247505,0.131700952,0.385185185,0.184019478,0.347516774,0.361111111,0.211280406,0.395455137,0.254545455,0.148115408,0.06342736
18,0.316666667,0.173289183,0.11392833,0.338888889,0.174251497,0.146012255,0.422222222,0.228242585,0.441183349,0.372222222,0.221331195,0.412134095,0.209090909,0.105267035,0.043779781
19,0.294444444,0.143267108,0.086382691,0.294444444,0.126679973,0.100121578,0.392592593,0.187428066,0.34462555,0.366666667,0.217294841,0.408293447,0.196969697,0.094487416,0.039100869
20,0.322222222,0.178145695,0.118390805,0.327777778,0.164604125,0.140190309,0.4,0.199601594,0.376266123,0.383333333,0.231488907,0.429069,0.187878788,0.087759362,0.036551816
21,0.333333333,0.189403974,0.134685598,0.316666667,0.150765136,0.125230592,0.4,0.200044267,0.379909515,0.311111111,0.154611067,0.281362398,0.212121212,0.111184776,0.047762923
22,0.3,0.15584989,0.093657877,0.322222222,0.157751164,0.133253903,0.42962963,0.234617087,0.450209872,0.338888889,0.19024325,0.359519437,0.187878788,0.089748312,0.038272497
23,0.333333333,0.182560706,0.091534821,0.311111111,0.14843646,0.127061551,0.407407407,0.210712705,0.406724573,0.333333333,0.183614007,0.345679271,0.196969697,0.097311234,0.041382354
24,0.35,0.204415011,0.153617309,0.311111111,0.145442448,0.119872262,0.42962963,0.231208499,0.435577581,0.333333333,0.180165731,0.33511508,0.196969697,0.093038674,0.037903957
25,0.311111111,0.169757174,0.130006761,0.322222222,0.152628077,0.125698261,0.37037037,0.166976538,0.311036388,0.316666667,0.160304731,0.29138674,0.221212121,0.119116022,0.050651025
26,0.344444444,0.202428256,0.139675456,0.372222222,0.203193613,0.171136669,0.37037037,0.164718902,0.300596424,0.327777778,0.17329591,0.318093413,0.218181818,0.115162676,0.048298399
27,0.333333333,0.186975717,0.110060852,0.316666667,0.15156354,0.12522654,0.385185185,0.182160248,0.340348969,0.294444444,0.137048917,0.250455981,0.215151515,0.110448128,0.04627863
28,0.377777778,0.232450331,0.157133198,0.311111111,0.148369927,0.122742304,0.355555556,0.154183267,0.296810053,0.35,0.196578455,0.36404743,0.203030303,0.102320442,0.043350567
29,0.311111111,0.167108168,0.100689655,0.305555556,0.138656021,0.11490055,0.414814815,0.219344843,0.423122134,0.35,0.19641807,0.361481937,0.239393939,0.134683855,0.057702824
30,0.316666667,0.174172185,0.133279243,0.344444444,0.174584165,0.143868437,0.37037037,0.164807437,0.303859391,0.333333333,0.180753809,0.335962934,0.190909091,0.09043585,0.037788689
31,0.394444444,0.25584989,0.205138607,0.344444444,0.176912841,0.14634943,0.414814815,0.21164232,0.390335692,0.338888889,0.187543438,0.349799484,0.2,0.100061387,0.042541556
32,0.338888889,0.195584989,0.130709939,0.288888889,0.120625416,0.095867172,0.4,0.202346171,0.390032885,0.322222222,0.168110131,0.308457571,0.215151515,0.110178023,0.045644997
33,0.294444444,0.150772627,0.092102772,0.35,0.182035928,0.153552497,0.42962963,0.230810093,0.432409592,0.316666667,0.162737236,0.298991396,0.193939394,0.095469613,0.040920608
34,0.333333333,0.190066225,0.122542258,0.311111111,0.147305389,0.122886576,0.392592593,0.194289509,0.372498647,0.333333333,0.178802459,0.328978864,0.190909091,0.091319828,0.038737619
35,0.327777778,0.187196468,0.133306288,0.35,0.184231537,0.153771337,0.37037037,0.168747233,0.319069722,0.333333333,0.179524191,0.331217314,0.196969697,0.098023327,0.04209377
36,0.35,0.208388521,0.136362407,0.3,0.132934132,0.109492778,0.414814815,0.222532094,0.438978931,0.344444444,0.190082866,0.351118261,0.181818182,0.081817066,0.033883555
37,0.344444444,0.198675497,0.13326572,0.333333333,0.16506986,0.136228501,0.377777778,0.177822045,0.340918329,0.327777778,0.175621492,0.326363724,0.181818182,0.083560467,0.03522489
38,0.327777778,0.181898455,0.133766058,0.327777778,0.161077844,0.134793075,0.422222222,0.225719345,0.430774023,0.35,0.198342689,0.368619767,0.184848485,0.08631062,0.036260383
39,0.322222222,0.173068433,0.101541582,0.344444444,0.177910845,0.148169852,0.414814815,0.214741036,0.402749267,0.338888889,0.185431703,0.344002844,0.227272727,0.123216697,0.052117532
40,0.333333333,0.185871965,0.127734956,0.277777778,0.113972056,0.095611859,0.392592593,0.196768482,0.383663205,0.327777778,0.174979952,0.324670185,0.181818182,0.085033763,0.036796534
41,0.322222222,0.177704194,0.16045977,0.322222222,0.156220892,0.130693479,0.414814815,0.218326693,0.41670956,0.333333333,0.180112269,0.334229629,0.203030303,0.10121547,0.042446889
42,0.366666667,0.219205298,0.163867478,0.327777778,0.16340652,0.136694548,0.392592593,0.191412129,0.36005903,0.344444444,0.188532478,0.342533921,0.193939394,0.096009822,0.041363442
43,0.366666667,0.221633554,0.165300879,0.322222222,0.158150366,0.13271734,0.4,0.200221337,0.376433612,0.327777778,0.176610532,0.329328802,0.196969697,0.098416206,0.042333422
44,0.35,0.202428256,0.155118323,0.338888889,0.172987359,0.144505503,0.451851852,0.260779106,0.504407815,0.311111111,0.15862069,0.296803075,0.190909091,0.086899939,0.034483306
45,0.338888889,0.190949227,0.135023665,0.316666667,0.153892216,0.132221304,0.422222222,0.221513944,0.414175271,0.377777778,0.222213312,0.404230352,0.193939394,0.092498465,0.038128976
46,0.366666667,0.224503311,0.144394861,0.327777778,0.162142382,0.136292532,0.4,0.200177069,0.383042781,0.361111111,0.207511361,0.378798834,0.206060606,0.104014733,0.043841579
47,0.322222222,0.180573951,0.118985801,0.361111111,0.196141051,0.167793286,0.42962963,0.235768039,0.456749594,0.372222222,0.218765036,0.405030005,0.2,0.099324739,0.042311134
48,0.322222222,0.179249448,0.121027721,0.305555556,0.136926148,0.110746649,0.4,0.199601594,0.375645189,0.311111111,0.160705694,0.303559155,0.248484848,0.144235727,0.06250522
49,0.327777778,0.184547461,0.145787694,0.322222222,0.148769128,0.117853264,0.414814815,0.218016822,0.417404536,0.333333333,0.176289762,0.320090859,0.175757576,0.077028852,0.031981305
50,0.327777778,0.183002208,0.147180527,0.327777778,0.159081836,0.132134578,0.377777778,0.177600708,0.337367873,0.316666667,0.155947608,0.276470007,0.196969697,0.097262124,0.041824737
51,0.377777778,0.236423841,0.191115619,0.322222222,0.159680639,0.136457877,0.437037037,0.241080124,0.459532053,0.338888889,0.186180166,0.343189695,0.212121212,0.111233886,0.047816279
52,0.333333333,0.190949227,0.118918188,0.311111111,0.144577512,0.118898831,0.466666667,0.273660912,0.523936599,0.372222222,0.224378508,0.421114405,0.190909091,0.090141191,0.037513241
53,0.327777778,0.178145695,0.118634212,0.316666667,0.154823686,0.129967255,0.37037037,0.166755201,0.310134093,0.305555556,0.148944133,0.270670716,0.209090909,0.104996931,0.043649542
54,0.372222222,0.229139073,0.156105477,0.322222222,0.160479042,0.13766798,0.392592593,0.193359894,0.366001818,0.344444444,0.193985565,0.361826573,0.172727273,0.074475138,0.031198297
55,0.316666667,0.173509934,0.1343881,0.288888889,0.126746507,0.10725494,0.422222222,0.223151837,0.424772001,0.327777778,0.17329591,0.319055503,0.206060606,0.103818293,0.04385475
56,0.361111111,0.223620309,0.185179175,0.361111111,0.19760479,0.170236995,0.42962963,0.233244799,0.444493295,0.35,0.198770382,0.37013424,0.221212121,0.119656231,0.051529151
57,0.322222222,0.173951435,0.104178499,0.338888889,0.170858283,0.141143478,0.385185185,0.180256751,0.333300142,0.333333333,0.181529003,0.337925433,0.227272727,0.122160835,0.052164247
58,0.366666667,0.226490066,0.187167005,0.322222222,0.15489022,0.128600723,0.392592593,0.190438247,0.352120163,0.338888889,0.186420743,0.344841058,0.209090909,0.106617557,0.045092636
59,0.35,0.21192053,0.163921569,0.344444444,0.178908849,0.152593655,0.414814815,0.210934042,0.389802077,0.338888889,0.184897086,0.341177548,0.190909091,0.087734807,0.035409723
60,0.355555556,0.208830022,0.141703854,0.344444444,0.173985363,0.142423285,0.422222222,0.227357238,0.43594575,0.35,0.200454424,0.37484154,0.224242424,0.122430939,0.052977985
61,0.327777778,0.184547461,0.139513185,0.294444444,0.128742515,0.104551865,0.407407407,0.208587871,0.398691749,0.333333333,0.178080727,0.325874726,0.233333333,0.130362185,0.056018501
62,0.316666667,0.164900662,0.098985801,0.333333333,0.166001331,0.139015059,0.437037037,0.24249668,0.464604206,0.3,0.144052392,0.26041742,0.224242424,0.119116022,0.05018534
63,0.327777778,0.183664459,0.113076403,0.333333333,0.165868263,0.136966072,0.414814815,0.217928287,0.416084541,0.35,0.198209035,0.366489528,0.206060606,0.107133211,0.046771218
64,0.383333333,0.236865342,0.179648411,0.35,0.180372588,0.149100326,0.437037037,0.240150509,0.454485432,0.288888889,0.130205827,0.231206951,0.196969697,0.094315531,0.038882829
65,0.333333333,0.188300221,0.131250845,0.333333333,0.171789754,0.147121853,0.422222222,0.224081452,0.426721611,0.327777778,0.174953221,0.323273323,0.187878788,0.089772867,0.038231523
66,0.355555556,0.215011038,0.162677485,0.338888889,0.174384564,0.147716773,0.451851852,0.257813192,0.490571607,0.305555556,0.147072975,0.265691803,0.181818182,0.081596071,0.033880516
67,0.361111111,0.21192053,0.143718729,0.344444444,0.175316035,0.145577007,0.362962963,0.159008411,0.296049205,0.35,0.19379845,0.351132962,0.2,0.098686311,0.040937043
68,0.394444444,0.252759382,0.172129817,0.322222222,0.153093812,0.124934753,0.37037037,0.164630367,0.302738033,0.316666667,0.163619353,0.301743186,0.23030303,0.127734807,0.055056626
69,0.35,0.205739514,0.164881677,0.333333333,0.166533599,0.139984438,0.422222222,0.222974768,0.420163506,0.322222222,0.166426089,0.302758056,0.239393939,0.135469613,0.058605827
70,0.366666667,0.218543046,0.135889114,0.283333333,0.118829009,0.097613027,0.42962963,0.230898628,0.436837321,0.338888889,0.187035552,0.346974188,0.227272727,0.123560467,0.052609107
71,0.366666667,0.225386313,0.171521298,0.305555556,0.134597472,0.106711083,0.444444444,0.248074369,0.474788852,0.338888889,0.186340551,0.344538838,0.206060606,0.105979128,0.045550216
72,0.372222222,0.228918322,0.156443543,0.344444444,0.182235529,0.155187311,0.422222222,0.223063302,0.421821543,0.327777778,0.17524726,0.325598535,0.209090909,0.107697974,0.046171017
73,0.372222222,0.224503311,0.136808654,0.344444444,0.172255489,0.141355023,0.4,0.200575476,0.381257085,0.338888889,0.181689388,0.326941171,0.203030303,0.103449969,0.045094775
74,0.366666667,0.220309051,0.138526031,0.344444444,0.17744511,0.149632836,0.42962963,0.232049579,0.435271199,0.355555556,0.205292702,0.383028945,0.227272727,0.124198895,0.052745199
75,0.327777778,0.178807947,0.121920216,0.305555556,0.14344644,0.119847947,0.385185185,0.180123949,0.328999561,0.327777778,0.171424753,0.312253151,0.248484848,0.142295887,0.061497981
76,0.383333333,0.239735099,0.172265044,0.327777778,0.159281437,0.128874678,0.392592593,0.19021691,0.357736144,0.322222222,0.166212243,0.302577061,0.224242424,0.121767956,0.052791802
77,0.327777778,0.181236203,0.115659229,0.333333333,0.171190951,0.146234337,0.422222222,0.221823816,0.413401146,0.316666667,0.162416466,0.299517027,0.2,0.098440761,0.0412269
78,0.338888889,0.193156733,0.135212982,0.35,0.178642715,0.146512344,0.4,0.198052236,0.372933709,0.305555556,0.148008554,0.266159352,0.203030303,0.10320442,0.04399602
79,0.35,0.204856512,0.151453685,0.322222222,0.157884232,0.13329686,0.4,0.194909252,0.362106172,0.327777778,0.172761294,0.31627166,0.251515152,0.148336403,0.065203423
80,0.344444444,0.202207506,0.177403651,0.383333333,0.218496341,0.189475433,0.422222222,0.22394865,0.423874302,0.327777778,0.173028602,0.318562649,0.212121212,0.110202578,0.04639401
81,0.405555556,0.262472406,0.199026369,0.388888889,0.220492349,0.186880157,0.488888889,0.297919433,0.571084694,0.344444444,0.188666132,0.344825874,0.242424242,0.138759975,0.060584622
82,0.383333333,0.238852097,0.187640297,0.35,0.18669328,0.161162444,0.407407407,0.204869411,0.381344915,0.294444444,0.133734296,0.235145928,0.203030303,0.099643953,0.040848454
83,0.366666667,0.220971302,0.152210953,0.338888889,0.166799734,0.136059913,0.42962963,0.229791943,0.43476618,0.305555556,0.151430099,0.279485696,0.248484848,0.142737876,0.060894966
84,0.361111111,0.221412804,0.162988506,0.3,0.134730539,0.110462157,0.407407407,0.20876494,0.397538732,0.35,0.199171345,0.370917504,0.242424242,0.137655003,0.059111585
85,0.405555556,0.264679912,0.218485463,0.322222222,0.155622089,0.130641605,0.385185185,0.177644976,0.32669659,0.344444444,0.187677092,0.338607235,0.254545455,0.15174954,0.066551737
86,0.344444444,0.203311258,0.154036511,0.361111111,0.195608782,0.166755824,0.437037037,0.237140328,0.446982649,0.361111111,0.210799252,0.394289639,0.206060606,0.106298343,0.045458475
87,0.4,0.256512141,0.174198783,0.305555556,0.1417831,0.116743666,0.422222222,0.220141656,0.412967615,0.333333333,0.180406308,0.33269684,0.242424242,0.140282382,0.060724992
88,0.355555556,0.211479029,0.132265044,0.305555556,0.142914172,0.120102449,0.42962963,0.233200531,0.449305534,0.322222222,0.16255012,0.288626997,0.215151515,0.113910374,0.048746073
89,0.361111111,0.213907285,0.135185936,0.377777778,0.212441783,0.181757688,0.444444444,0.247985834,0.470067506,0.327777778,0.173483026,0.318333695,0.239393939,0.133799877,0.056856441
90,0.338888889,0.186534216,0.09643002,0.35,0.185562209,0.158239719,0.377777778,0.175166003,0.323436686,0.361111111,0.204865009,0.374136842,0.23030303,0.1306814,0.057632358
91,0.383333333,0.249227373,0.199567275,0.311111111,0.1415835,0.113368672,0.42962963,0.234617087,0.451830121,0.322222222,0.16415397,0.294580773,0.221212121,0.116218539,0.048367064
92,0.377777778,0.239514349,0.16745098,0.344444444,0.179906853,0.150696234,0.407407407,0.207791058,0.390139097,0.338888889,0.185244587,0.340259562,0.236363636,0.129281768,0.05444697
93,0.355555556,0.211258278,0.163962137,0.305555556,0.138789088,0.114271588,0.422222222,0.224435591,0.42527651,0.311111111,0.153541834,0.2770154,0.263636364,0.158895028,0.069236207
94,0.338888889,0.190286976,0.11867478,0.327777778,0.164604125,0.140635283,0.422222222,0.22208942,0.416636539,0.344444444,0.189093825,0.346369267,0.242424242,0.140405157,0.061486387
95,0.377777778,0.233554084,0.175442867,0.344444444,0.179507651,0.151210102,0.42962963,0.229659141,0.429358028,0.288888889,0.132264101,0.239710554,0.260606061,0.155702885,0.067437067
96,0.344444444,0.200441501,0.135375254,0.311111111,0.143512974,0.119607223,0.488888889,0.29309429,0.553800668,0.333333333,0.173670142,0.306869592,0.209090909,0.109294045,0.047137507
97,0.394444444,0.259161148,0.219864773,0.305555556,0.137325349,0.112339315,0.444444444,0.247277556,0.468938489,0.394444444,0.243758353,0.451037524,0.212121212,0.110128913,0.046262983
98,0.383333333,0.24415011,0.172981744,0.327777778,0.158349967,0.130369272,0.4,0.203718459,0.391495859,0.355555556,0.200133654,0.366126576,0.218181818,0.113198281,0.046909674
99,0.338888889,0.193377483,0.125449628,0.311111111,0.144710579,0.118821022,0.444444444,0.250553342,0.480075983,0.316666667,0.160224539,0.292755887,0.23030303,0.124493554,0.052804747
100,0.383333333,0.235540839,0.159432049,0.35,0.185828343,0.159563293,0.414814815,0.215095175,0.403507052,0.333333333,0.181849773,0.337555009,0.206060606,0.104137508,0.044095753
101,0.35,0.205960265,0.133103448,0.316666667,0.15083167,0.125965731,0.437037037,0.241257193,0.457792825,0.322222222,0.168885325,0.312177476,0.221212121,0.120073665,0.05144619
102,0.333333333,0.18410596,0.106396214,0.333333333,0.167797738,0.140648252,0.377777778,0.173882249,0.322209116,0.366666667,0.215423684,0.400180512,0.224242424,0.119558011,0.050320756
103,0.322222222,0.18013245,0.125598377,0.344444444,0.184896873,0.161367505,0.392592593,0.196148738,0.381332149,0.372222222,0.223229083,0.416989854,0.227272727,0.125917741,0.054745945
104,0.394444444,0.246799117,0.177971602,0.361111111,0.193413174,0.166070126,0.444444444,0.25227977,0.489245483,0.333333333,0.17784015,0.324671872,0.224242424,0.123928791,0.054254257
105,0.405555556,0.261368653,0.172305612,0.355555556,0.188888889,0.160144434,0.466666667,0.270606463,0.510615623,0.355555556,0.200507886,0.366795845,0.209090909,0.1075752,0.04586011
106,0.405555556,0.267328918,0.195686275,0.322222222,0.153825682,0.128450777,0.385185185,0.18397521,0.348681536,0.377777778,0.222507351,0.40626202,0.248484848,0.146200123,0.064386758
107,0.372222222,0.225607064,0.152995267,0.377777778,0.213639388,0.185095398,0.4,0.198716246,0.373494388,0.338888889,0.184950548,0.340492613,0.215151515,0.11165132,0.046995336
108,0.4,0.254746137,0.175145368,0.327777778,0.165402528,0.141145099,0.414814815,0.214829571,0.403467222,0.35,0.19478749,0.357447762,0.248484848,0.142222222,0.060409019
109,0.394444444,0.258057395,0.20086545,0.338888889,0.168330007,0.137430498,0.437037037,0.241345728,0.461138515,0.311111111,0.152900294,0.275198467,0.193939394,0.093333333,0.038892172
110,0.361111111,0.214790287,0.151129141,0.344444444,0.176447106,0.146760362,0.466666667,0.271624613,0.514788035,0.383333333,0.231007752,0.425890391,0.242424242,0.139619398,0.060899131
111,0.377777778,0.22803532,0.158701826,0.344444444,0.174384564,0.141833228,0.451851852,0.253696326,0.475093191,0.366666667,0.213311949,0.391695226,0.206060606,0.107059546,0.046247224
112,0.383333333,0.234216336,0.15346856,0.311111111,0.140718563,0.114641995,0.422222222,0.225852147,0.43375614,0.333333333,0.178936113,0.329144916,0.215151515,0.113984039,0.048881264
113,0.388888889,0.245474614,0.170074375,0.322222222,0.15342648,0.123461233,0.414814815,0.214431164,0.402833012,0.338888889,0.183266506,0.33428024,0.239393939,0.13485574,0.057175903
114,0.372222222,0.22406181,0.141528059,0.333333333,0.165668663,0.139040996,0.451851852,0.256795042,0.491534156,0.3,0.141299118,0.254269636,0.172727273,0.074597913,0.03088345
115,0.344444444,0.202207506,0.16224476,0.338888889,0.170924817,0.140509653,0.437037037,0.242363878,0.462584638,0.338888889,0.182464582,0.33102692,0.215151515,0.111332106,0.046507476
116,0.388888889,0.244591611,0.179986477,0.311111111,0.144111776,0.119036619,0.42962963,0.235325365,0.457119806,0.327777778,0.170542636,0.306232136,0.196969697,0.096034377,0.040405957
117,0.405555556,0.265783664,0.201189993,0.338888889,0.172854291,0.145810436,0.459259259,0.26542718,0.500109787,0.327777778,0.170836675,0.310126768,0.2,0.099251074,0.041547938
118,0.372222222,0.236644592,0.172237999,0.327777778,0.161077844,0.134338375,0.392592593,0.188490483,0.346360693,0.394444444,0.239882384,0.435754706,0.218181818,0.114229589,0.047848811
119,0.405555556,0.266887417,0.20356998,0.366666667,0.193479707,0.155863282,0.474074074,0.281496237,0.533598354,0.322222222,0.163886661,0.294549924,0.221212121,0.120810313,0.052602691
120,0.444444444,0.303311258,0.203853955,0.361111111,0.196340652,0.168076967,0.466666667,0.271757415,0.51622803,0.3,0.140497193,0.249414359,0.245454545,0.142344997,0.061398585
121,0.377777778,0.233995585,0.180283976,0.316666667,0.149434464,0.122243836,0.444444444,0.250730412,0.482115976,0.361111111,0.205052125,0.37097173,0.236363636,0.131074279,0.05560167
122,0.4,0.255629139,0.16831643,0.355555556,0.184697272,0.152901652,0.488888889,0.299468792,0.579593942,0.322222222,0.167147821,0.307497409,0.203030303,0.101632904,0.043049566
123,0.433333333,0.289183223,0.210953347,0.35,0.182035928,0.152931641,0.459259259,0.262948207,0.496842224,0.344444444,0.189334403,0.344696696,0.224242424,0.11980356,0.050575605
124,0.438888889,0.299337748,0.241460446,0.383333333,0.211443779,0.174320381,0.407407407,0.210402833,0.404731558,0.327777778,0.171852446,0.31267997,0.236363636,0.134413751,0.059139952
125,0.4,0.253421634,0.180892495,0.366666667,0.196007984,0.163884971,0.451851852,0.259008411,0.493019088,0.344444444,0.187489976,0.338101125,0.23030303,0.125009208,0.052867671
126,0.405555556,0.259381898,0.185436105,0.344444444,0.173719228,0.142640503,0.437037037,0.241567065,0.459336989,0.327777778,0.176102646,0.32834695,0.239393939,0.135985267,0.059169332
127,0.388888889,0.248565121,0.20653144,0.361111111,0.192947438,0.163255199,0.437037037,0.242275343,0.4637494,0.344444444,0.187222668,0.33964259,0.209090909,0.106494782,0.044373003
128,0.394444444,0.256512141,0.195267072,0.322222222,0.155222888,0.128886025,0.459259259,0.264497565,0.500441701,0.333333333,0.178588613,0.329101776,0.233333333,0.128692449,0.055082404
129,0.416666667,0.276600442,0.200162272,0.311111111,0.145375915,0.120441246,0.488888889,0.291633466,0.544718997,0.338888889,0.188024592,0.348979346,0.248484848,0.141510129,0.059766606
130,0.372222222,0.236203091,0.19127789,0.333333333,0.167531603,0.140495064,0.451851852,0.257857459,0.491357987,0.344444444,0.188639401,0.342410286,0.227272727,0.124960098,0.05367308
131,0.405555556,0.2598234,0.194320487,0.322222222,0.15342648,0.124450064,0.414814815,0.218193891,0.419128446,0.35,0.196979417,0.361318536,0.233333333,0.130263966,0.056387492
132,0.366666667,0.229801325,0.177079108,0.327777778,0.16340652,0.138082965,0.377777778,0.175564409,0.327173014,0.355555556,0.20064154,0.366812956,0.236363636,0.133652548,0.057560316
133,0.411111111,0.266225166,0.179675456,0.338888889,0.169793746,0.142143656,0.42962963,0.230633023,0.432785931,0.316666667,0.159689922,0.291946111,0.209090909,0.107968079,0.046448492
134,0.377777778,0.231125828,0.165679513,0.338888889,0.172987359,0.144869426,0.481481481,0.287826472,0.544631678,0.35,0.195054798,0.356252139,0.206060606,0.105905463,0.045294241
135,0.366666667,0.22406181,0.167139959,0.344444444,0.175449102,0.146587722,0.466666667,0.274988933,0.527461524,0.35,0.195856723,0.35808064,0.209090909,0.108410068,0.045911102
136,0.394444444,0.254083885,0.172981744,0.344444444,0.179174983,0.154018545,0.466666667,0.27065073,0.510986856,0.344444444,0.188131516,0.340731931,0.224242424,0.120957643,0.0512295
137,0.383333333,0.23598234,0.142677485,0.361111111,0.19095143,0.159435232,0.474074074,0.27773351,0.523261027,0.327777778,0.174124566,0.321892126,0.23030303,0.125844076,0.053492524
138,0.394444444,0.245916115,0.148370521,0.316666667,0.149234864,0.12320592,0.488888889,0.300708278,0.582402954,0.35,0.198235766,0.370399103,0.224242424,0.12208717,0.052305517
139,0.361111111,0.213686534,0.14296146,0.322222222,0.150232868,0.121255815,0.407407407,0.208632138,0.395276612,0.361111111,0.207912323,0.383018822,0.224242424,0.12203806,0.051990558
140,0.361111111,0.217218543,0.148586883,0.361111111,0.191017964,0.159722965,0.459259259,0.261487384,0.487495021,0.294444444,0.137155841,0.248943195,0.236363636,0.133922652,0.058309329
141,0.4,0.255187638,0.178228533,0.333333333,0.166333999,0.139318193,0.444444444,0.246613546,0.464013399,0.35,0.195482491,0.357348468,0.187878788,0.088004911,0.036937466
142,0.383333333,0.240618102,0.160892495,0.333333333,0.170858283,0.145604565,0.444444444,0.247631695,0.470574058,0.35,0.195562684,0.357843974,0.215151515,0.113075506,0.048021599
143,0.394444444,0.248344371,0.178336714,0.316666667,0.15342648,0.130230673,0.474074074,0.278663125,0.523329963,0.327777778,0.174766105,0.32683537,0.218181818,0.116316759,0.049572306
144,0.366666667,0.221633554,0.137809331,0.294444444,0.126347305,0.102618781,0.414814815,0.220185923,0.422282137,0.361111111,0.206335204,0.375544791,0.221212121,0.118747698,0.050538121
145,0.372222222,0.226710817,0.153211629,0.3,0.132801065,0.108388854,0.474074074,0.284240815,0.551715739,0.4,0.249558941,0.461913576,0.224242424,0.121645181,0.052104362
146,0.383333333,0.242384106,0.160933063,0.327777778,0.156952761,0.129592796,0.392592593,0.191013723,0.357093252,0.333333333,0.179176691,0.329743089,0.254545455,0.149171271,0.064108045
147,0.361111111,0.208388521,0.123583502,0.338888889,0.169860279,0.141158878,0.422222222,0.219433378,0.406132745,0.327777778,0.172387062,0.315278722,0.227272727,0.123634131,0.052873524
148,0.394444444,0.26004415,0.201392833,0.344444444,0.17671324,0.147993159,0.42962963,0.230544489,0.432419294,0.327777778,0.176129377,0.32829899,0.227272727,0.125033763,0.053427686
149,0.4,0.255187638,0.175226504,0.361111111,0.19407851,0.165110474,0.451851852,0.256883577,0.490176885,0.333333333,0.181529003,0.338656882,0.218181818,0.1177655,0.050450995
150,0.377777778,0.236644592,0.166247465,0.338888889,0.175981371,0.150323396,0.42962963,0.231783975,0.43825638,0.35,0.197620957,0.366099824,0.236363636,0.133922652,0.057720047
151,0.4,0.247019868,0.155591616,0.366666667,0.200066534,0.172255183,0.422222222,0.223461709,0.42422562,0.344444444,0.191686715,0.354089846,0.215151515,0.113370166,0.048569007
152,0.4,0.254525386,0.186193374,0.344444444,0.177977379,0.149806286,0.451851852,0.259274015,0.502712501,0.361111111,0.206308474,0.378437809,0.236363636,0.13257213,0.056700425
153,0.372222222,0.22803532,0.160824882,0.322222222,0.158682635,0.134144661,0.437037037,0.240725985,0.457280145,0.344444444,0.189013633,0.344058757,0.178787879,0.081031308,0.033664164
154,0.377777778,0.231567329,0.157241379,0.355555556,0.179374584,0.145605375,0.422222222,0.221602479,0.41437544,0.305555556,0.151831061,0.281879594,0.227272727,0.123535912,0.052776605
155,0.355555556,0.209713024,0.154820825,0.35,0.181037924,0.151322764,0.459259259,0.26542718,0.510038093,0.388888889,0.239000267,0.443060757,0.245454545,0.139177409,0.058634869
156,0.366666667,0.216556291,0.137025017,0.338888889,0.171324019,0.143131677,0.422222222,0.223328907,0.419714656,0.327777778,0.172226677,0.315943653,0.236363636,0.132891344,0.057493114
157,0.388888889,0.246136865,0.201081812,0.333333333,0.164404524,0.137305678,0.4,0.199468792,0.378264244,0.383333333,0.227987169,0.414044056,0.224242424,0.121620626,0.051464876
158,0.4,0.257395143,0.195118323,0.394444444,0.223020625,0.184340806,0.474074074,0.277379371,0.517401983,0.305555556,0.148783748,0.272313402,0.266666667,0.157740945,0.066990856
159,0.377777778,0.233554084,0.169614604,0.355555556,0.189354624,0.161803563,0.414814815,0.211775122,0.39108786,0.361111111,0.207324245,0.381422891,0.233333333,0.129600982,0.055636903
160,0.405555556,0.261810155,0.186653144,0.35,0.177178975,0.144520093,0.451851852,0.256086764,0.489064207,0.355555556,0.203956161,0.379894199,0.233333333,0.129404543,0.055423703
161,0.405555556,0.266225166,0.202515213,0.311111111,0.144976713,0.120990776,0.422222222,0.222974768,0.418270576,0.366666667,0.212804063,0.390849059,0.2,0.096451811,0.039547755
162,0.377777778,0.232891832,0.150006761,0.344444444,0.176580173,0.148947138,0.488888889,0.294687915,0.559286436,0.305555556,0.151269714,0.279666932,0.266666667,0.161006753,0.069753672
163,0.383333333,0.239293598,0.174496281,0.333333333,0.167531603,0.138847282,0.422222222,0.222753431,0.419971506,0.355555556,0.199385191,0.362738534,0.254545455,0.145709024,0.061523759
164,0.355555556,0.211699779,0.158661258,0.311111111,0.145176314,0.122334614,0.42962963,0.231916777,0.440891776,0.361111111,0.207137129,0.381692093,0.242424242,0.135420503,0.056767627
165,0.377777778,0.235761589,0.187302231,0.305555556,0.141716567,0.119045535,0.414814815,0.211332448,0.387766169,0.361111111,0.209088479,0.38592847,0.227272727,0.122872928,0.051574627
166,0.433333333,0.290286976,0.194550372,0.372222222,0.204657352,0.17367602,0.422222222,0.22749004,0.439465057,0.361111111,0.20847367,0.383784012,0.221212121,0.117470841,0.04905743
167,0.422222222,0.286975717,0.231169709,0.383333333,0.215302728,0.184168166,0.4,0.193315626,0.350091915,0.333333333,0.181475541,0.335980768,0.242424242,0.139472069,0.060741764
168,0.427777778,0.283002208,0.197985125,0.311111111,0.14510978,0.120590381,0.496296296,0.305843293,0.592210239,0.377777778,0.223496391,0.409263008,0.242424242,0.138342541,0.059587176
169,0.355555556,0.202869757,0.113387424,0.327777778,0.162674651,0.138871598,0.451851852,0.259141213,0.499622129,0.394444444,0.242796044,0.447229412,0.227272727,0.124297115,0.053362623
170,0.416666667,0.274613687,0.213901285,0.366666667,0.202994012,0.174009143,0.496296296,0.306020363,0.584738605,0.383333333,0.234803528,0.437985202,0.218181818,0.114941682,0.04823266
171,0.438888889,0.298675497,0.191643002,0.355555556,0.181037924,0.1448289,0.414814815,0.216246127,0.40835044,0.372222222,0.220930233,0.40942665,0.245454545,0.142173112,0.061492015
172,0.377777778,0.230684327,0.13816092,0.355555556,0.187491683,0.156792945,0.525925926,0.335148296,0.633649417,0.372222222,0.22280139,0.418261875,0.23030303,0.127341928,0.054204728
173,0.361111111,0.212803532,0.147004733,0.344444444,0.172588157,0.140734167,0.407407407,0.207879593,0.393994403,0.4,0.250654905,0.46721447,0.263636364,0.157298956,0.067712291
174,0.405555556,0.265783664,0.210507099,0.327777778,0.162608117,0.136166902,0.459259259,0.263789287,0.499568512,0.35,0.19577653,0.3608828,0.212121212,0.109171271,0.045484253
175,0.416666667,0.275055188,0.22086545,0.338888889,0.172854291,0.143582324,0.437037037,0.240239044,0.460594177,0.338888889,0.186527666,0.344434483,0.203030303,0.102443217,0.043420696
176,0.372222222,0.22803532,0.165476673,0.388888889,0.225948104,0.195190391,0.444444444,0.246657813,0.466171349,0.355555556,0.199545576,0.363708095,0.224242424,0.122529159,0.052886469
177,0.35,0.205960265,0.122312373,0.35,0.18742515,0.161990793,0.451851852,0.259716689,0.500490722,0.338888889,0.189334403,0.355785554,0.254545455,0.148385513,0.063310854
178,0.455555556,0.313465784,0.225233266,0.377777778,0.21756487,0.19062961,0.444444444,0.246392209,0.460880133,0.311111111,0.15666934,0.287315692,0.206060606,0.103376304,0.043074893
179,0.355555556,0.205960265,0.120608519,0.355555556,0.191949434,0.166579941,0.466666667,0.269632581,0.504159135,0.4,0.251029137,0.468396356,0.245454545,0.140896255,0.060526313
180,0.394444444,0.255408389,0.196348884,0.327777778,0.162674651,0.137575581,0.414814815,0.210978309,0.387472553,0.338888889,0.188559209,0.352285928,0.233333333,0.130509515,0.056482835
181,0.405555556,0.266225166,0.204475997,0.4,0.227478377,0.191424727,0.437037037,0.242540947,0.460969495,0.383333333,0.232718524,0.432007568,0.233333333,0.127783917,0.054212608
182,0.383333333,0.243267108,0.195929682,0.366666667,0.200532269,0.171792378,0.451851852,0.258477202,0.493329044,0.372222222,0.222641005,0.414343383,0.221212121,0.117667281,0.049699393
183,0.45,0.315231788,0.256997972,0.383333333,0.21829674,0.188113764,0.42962963,0.233776007,0.44588478,0.338888889,0.184148623,0.337492589,0.227272727,0.124542664,0.053024475
184,0.383333333,0.241059603,0.170939824,0.394444444,0.225216234,0.189441391,0.466666667,0.274457725,0.522822901,0.35,0.196230954,0.35963536,0.218181818,0.117004297,0.049832671
185,0.411111111,0.263576159,0.179107505,0.383333333,0.21237525,0.177761027,0.437037037,0.239530766,0.452091567,0.316666667,0.161855119,0.297920131,0.260606061,0.151945979,0.064154535
186,0.372222222,0.227373068,0.153563218,0.411111111,0.240319361,0.203688664,0.444444444,0.247853032,0.468277725,0.311111111,0.156482224,0.286243222,0.287878788,0.175420503,0.075199833
187,0.461111111,0.3200883,0.251102096,0.388888889,0.219627412,0.184061988,0.451851852,0.254935812,0.481796828,0.344444444,0.195829992,0.367774805,0.227272727,0.123830571,0.052542468
188,0.388888889,0.241721854,0.170547667,0.372222222,0.204723886,0.172582632,0.503703704,0.315537849,0.60545462,0.361111111,0.208714248,0.38419854,0.236363636,0.134511971,0.058658508
189,0.383333333,0.239293598,0.16719405,0.338888889,0.174983367,0.150243966,0.4,0.197742364,0.366100881,0.305555556,0.148142208,0.267387993,0.224242424,0.122627379,0.052791014
190,0.394444444,0.256953642,0.185949966,0.366666667,0.204723886,0.176303717,0.488888889,0.298760514,0.574565193,0.377777778,0.225928896,0.419165401,0.23030303,0.130092081,0.056764588
191,0.388888889,0.24415011,0.178607167,0.394444444,0.226347305,0.193903289,0.437037037,0.239663568,0.454161177,0.4,0.249318364,0.462213144,0.233333333,0.131958257,0.057233424
192,0.438888889,0.285651214,0.205138607,0.344444444,0.171190951,0.137368899,0.488888889,0.298893316,0.572353115,0.305555556,0.151055867,0.278712313,0.224242424,0.123118478,0.053091114
193,0.411111111,0.268653422,0.18296146,0.333333333,0.17079175,0.146644458,0.444444444,0.249446658,0.474396683,0.388888889,0.235765838,0.432001783,0.254545455,0.14926949,0.064659393
194,0.388888889,0.245695364,0.203286004,0.338888889,0.178110446,0.154703432,0.474074074,0.280478088,0.531807041,0.361111111,0.21042502,0.392833008,0.215151515,0.111921424,0.04693669
195,0.422222222,0.28410596,0.223772819,0.355555556,0.186626747,0.154527549,0.407407407,0.205444887,0.382158869,0.355555556,0.198556536,0.360417179,0.218181818,0.116316759,0.049970114
196,0.411111111,0.275275938,0.219864773,0.361111111,0.19833666,0.171696737,0.407407407,0.207348384,0.392441047,0.333333333,0.175407645,0.317360519,0.23030303,0.129109883,0.056434094
197,0.433333333,0.290728477,0.209208925,0.344444444,0.176247505,0.145822594,0.488888889,0.297122621,0.563515018,0.355555556,0.203742315,0.3783014,0.272727273,0.165352977,0.071183258
198,0.405555556,0.262913907,0.212454361,0.327777778,0.15914837,0.130646469,0.42962963,0.230898628,0.431581339,0.35,0.193183641,0.352329309,0.248484848,0.144137508,0.061869786
199,0.4,0.262251656,0.202014875,0.316666667,0.154091816,0.129280747,0.437037037,0.241035857,0.461098686,0.333333333,0.177465918,0.321903454,0.233333333,0.130853284,0.056676336
200,0.4,0.254525386,0.191102096,0.383333333,0.219361277,0.189919597,0.444444444,0.243691899,0.454780069,0.355555556,0.202539428,0.374257827,0.23030303,0.127808471,0.054830481
201,0.355555556,0.207726269,0.130696416,0.333333333,0.169527611,0.14365446,0.444444444,0.247277556,0.466799943,0.35,0.194546913,0.354677174,0.218181818,0.115064457,0.048962087
202,0.422222222,0.279028698,0.202420554,0.322222222,0.158682635,0.132681677,0.407407407,0.206861443,0.393307087,0.3,0.145255279,0.268588437,0.242424242,0.13664825,0.058142394
203,0.427777778,0.286534216,0.221771467,0.35,0.18576181,0.158710629,0.4,0.199380257,0.377182716,0.355555556,0.197514034,0.357455233,0.23030303,0.126187845,0.053062635
204,0.427777778,0.278587196,0.20183908,0.338888889,0.174584165,0.148539448,0.407407407,0.209163347,0.400460084,0.327777778,0.171718792,0.313645434,0.245454545,0.143572744,0.062636585
205,0.366666667,0.222737307,0.158350237,0.338888889,0.177245509,0.150733518,0.488888889,0.297211155,0.567723684,0.394444444,0.242876236,0.447457884,0.26969697,0.16213628,0.07000717
206,0.45,0.314569536,0.256402975,0.338888889,0.176846307,0.153420383,0.437037037,0.240725985,0.455962703,0.288888889,0.129430634,0.232023956,0.215151515,0.114352363,0.049738341
207,0.405555556,0.254966887,0.162393509,0.322222222,0.157950765,0.13281055,0.451851852,0.259052678,0.497409541,0.327777778,0.176610532,0.332098185,0.236363636,0.130877839,0.05593948
208,0.427777778,0.300441501,0.278052738,0.344444444,0.179441118,0.150648414,0.42962963,0.230455954,0.434763626,0.361111111,0.207939054,0.38188104,0.251515152,0.146691222,0.063133112
209,0.383333333,0.240618102,0.193049358,0.394444444,0.225548902,0.190733356,0.414814815,0.214829571,0.403046968,0.344444444,0.191499599,0.355264261,0.23030303,0.126065071,0.053435903
210,0.444444444,0.302649007,0.209776876,0.427777778,0.26746507,0.23516186,0.481481481,0.292297477,0.565128119,0.394444444,0.242796044,0.449198901,0.227272727,0.122308165,0.051150029
211,0.383333333,0.239514349,0.169763354,0.366666667,0.203858949,0.176122972,0.42962963,0.235059761,0.449150811,0.355555556,0.199839615,0.364122864,0.239393939,0.135052179,0.058370677
212,0.361111111,0.215231788,0.169979716,0.366666667,0.208582834,0.18495842,0.466666667,0.274324923,0.523687919,0.338888889,0.186073242,0.344304823,0.206060606,0.104800491,0.044692239
213,0.4,0.252538631,0.150736984,0.383333333,0.214703925,0.180357114,0.422222222,0.227224436,0.434623201,0.372222222,0.218684844,0.40108211,0.257575758,0.150742787,0.064059192
214,0.433333333,0.288300221,0.213171062,0.416666667,0.251896208,0.219277343,0.437037037,0.243160691,0.463933229,0.355555556,0.202085004,0.369206854,0.227272727,0.122529159,0.051189202
215,0.383333333,0.246578366,0.228911427,0.322222222,0.156886228,0.130598648,0.42962963,0.232669323,0.446057375,0.361111111,0.210211173,0.39267033,0.278787879,0.170509515,0.073440203
216,0.377777778,0.23200883,0.163786342,0.311111111,0.142714571,0.117666034,0.459259259,0.268437362,0.513243359,0.316666667,0.158593959,0.287505603,0.245454545,0.141657459,0.061445413
217,0.388888889,0.253642384,0.2087762,0.366666667,0.202727878,0.175547504,0.503703704,0.316334661,0.606462616,0.355555556,0.199919808,0.364846119,0.248484848,0.146273788,0.06413765
218,0.433333333,0.286975717,0.214077079,0.344444444,0.176513639,0.148233072,0.422222222,0.220584329,0.410490007,0.338888889,0.182117081,0.330058805,0.187878788,0.087170043,0.036117874
219,0.411111111,0.268211921,0.189046653,0.327777778,0.165402528,0.141692198,0.42962963,0.232182382,0.435890091,0.388888889,0.240817963,0.449118165,0.245454545,0.14092081,0.060503462
220,0.416666667,0.278366446,0.234807302,0.394444444,0.227079175,0.192257939,0.474074074,0.283532537,0.544340615,0.361111111,0.20652232,0.375949437,0.284848485,0.174683855,0.074342756
221,0.344444444,0.198675497,0.122623394,0.355555556,0.19001996,0.163066349,0.42962963,0.233997344,0.442931769,0.377777778,0.223015237,0.408087147,0.233333333,0.127391037,0.053110363
222,0.405555556,0.260706402,0.195469912,0.338888889,0.177045908,0.15272577,0.444444444,0.248162904,0.467819173,0.344444444,0.190964983,0.352749138,0.275757576,0.167857581,0.072108324
223,0.45,0.301986755,0.209330629,0.355555556,0.187824351,0.157498095,0.488888889,0.294732182,0.557053933,0.327777778,0.174685913,0.324588003,0.248484848,0.144112953,0.06223979
224,0.405555556,0.269536424,0.226747803,0.366666667,0.199600798,0.168745643,0.459259259,0.266489597,0.51025154,0.361111111,0.210024058,0.392682862,0.254545455,0.147084101,0.062568145
225,0.427777778,0.286092715,0.224841109,0.366666667,0.202927478,0.174690788,0.414814815,0.216378929,0.411081835,0.327777778,0.173429564,0.319473164,0.236363636,0.129060773,0.053644263
226,0.433333333,0.291611479,0.222636917,0.344444444,0.178775782,0.149923811,0.488888889,0.291722001,0.545957801,0.327777778,0.172280139,0.316863085,0.275757576,0.164960098,0.069266938
227,0.416666667,0.266887417,0.170371873,0.344444444,0.180439122,0.155830051,0.451851852,0.258742807,0.500117446,0.366666667,0.218150227,0.408732316,0.209090909,0.108557397,0.046237205
228,0.461111111,0.315673289,0.246369168,0.338888889,0.170259481,0.141635462,0.451851852,0.259495352,0.502585864,0.361111111,0.206575782,0.375429109,0.224242424,0.120417434,0.050815596
229,0.388888889,0.24415011,0.179526707,0.377777778,0.208582834,0.174141257,0.481481481,0.288623285,0.550973784,0.377777778,0.226784282,0.419737305,0.242424242,0.139422959,0.060187827
230,0.416666667,0.272847682,0.195983773,0.377777778,0.21756487,0.189075848,0.474074074,0.287250996,0.561878938,0.372222222,0.224645817,0.421370111,0.254545455,0.147918969,0.063907903
231,0.427777778,0.286092715,0.187734956,0.405555556,0.243512974,0.213605343,0.451851852,0.255378486,0.485772134,0.333333333,0.183640738,0.3454079,0.248484848,0.141804788,0.05968781
232,0.444444444,0.305739514,0.228586883,0.394444444,0.222887558,0.186441667,0.422222222,0.225498008,0.435373837,0.344444444,0.19216787,0.355346444,0.266666667,0.160883978,0.069728232
233,0.338888889,0.199337748,0.155145368,0.338888889,0.170592149,0.141448232,0.466666667,0.272731297,0.518396703,0.338888889,0.185324779,0.339681392,0.248484848,0.145316145,0.062787423
234,0.383333333,0.242604857,0.19102096,0.361111111,0.195409182,0.166188461,0.474074074,0.284904825,0.549564938,0.372222222,0.224966586,0.42460415,0.218181818,0.113615715,0.046707168
235,0.388888889,0.249006623,0.189087221,0.422222222,0.25655356,0.220797063,0.459259259,0.26914564,0.521928776,0.366666667,0.215931569,0.398435399,0.245454545,0.141780233,0.061307857
236,0.361111111,0.22384106,0.19775524,0.327777778,0.155954757,0.124636483,0.459259259,0.265781319,0.505803895,0.322222222,0.166559743,0.306207553,0.23030303,0.124346225,0.051948683
237,0.455555556,0.309933775,0.218242055,0.322222222,0.155755156,0.128151696,0.466666667,0.272642762,0.518927255,0.4,0.250842021,0.465462608,0.227272727,0.124395335,0.053027965
238,0.422222222,0.281236203,0.221528059,0.372222222,0.205056554,0.172221142,0.414814815,0.219079239,0.419546146,0.338888889,0.187757284,0.351451811,0.242424242,0.140773481,0.061567885
239,0.4,0.260485651,0.240473293,0.327777778,0.157551564,0.130250936,0.474074074,0.284860558,0.551242379,0.422222222,0.275113606,0.512712265,0.221212121,0.117053407,0.0493268
240,0.461111111,0.312362031,0.231994591,0.355555556,0.191084498,0.16338083,0.444444444,0.250376273,0.481499637,0.361111111,0.209596365,0.388217772,0.248484848,0.142860651,0.06108115
241,0.388888889,0.241501104,0.153901285,0.377777778,0.20924817,0.174405486,0.481481481,0.289110226,0.547397796,0.377777778,0.222213312,0.403749307,0.242424242,0.13470841,0.056268623
242,0.416666667,0.271523179,0.225449628,0.361111111,0.185894877,0.1504855,0.422222222,0.223328907,0.420595504,0.45,0.30521251,0.571639795,0.224242424,0.118182934,0.049166056
243,0.494444444,0.349006623,0.286017579,0.361111111,0.19001996,0.155163806,0.466666667,0.270694998,0.507424145,0.416666667,0.267869554,0.496417468,0.239393939,0.133357888,0.056474055
244,0.427777778,0.284326711,0.218431373,0.394444444,0.225282768,0.189942291,0.496296296,0.308986277,0.599854979,0.333333333,0.182865544,0.342993517,0.236363636,0.132793125,0.056783499
245,0.427777778,0.282339956,0.187748479,0.427777778,0.261809714,0.226413137,0.488888889,0.298096503,0.570885035,0.372222222,0.223950815,0.41886029,0.227272727,0.123658686,0.052501382
246,0.427777778,0.284988962,0.229479378,0.366666667,0.198270126,0.16544927,0.488888889,0.299468792,0.57840518,0.355555556,0.203849238,0.378948497,0.266666667,0.161596071,0.070300067
247,0.394444444,0.249006623,0.168100068,0.377777778,0.21237525,0.181489407,0.437037037,0.237671536,0.445566143,0.35,0.195883454,0.35859398,0.221212121,0.11801105,0.049979119
248,0.411111111,0.264679912,0.172237999,0.405555556,0.231270792,0.190221109,0.414814815,0.213767154,0.396707926,0.355555556,0.205239241,0.382308823,0.212121212,0.110227133,0.04663839
249,0.422222222,0.269094923,0.193144016,0.377777778,0.212308716,0.181694467,0.511111111,0.321204073,0.615887435,0.366666667,0.213472334,0.393208011,0.257575758,0.154450583,0.067551434
250,0.4,0.254304636,0.196538201,0.361111111,0.189421158,0.157132552,0.437037037,0.238158477,0.449465874,0.433333333,0.283961508,0.52502639,0.251515152,0.144702271,0.061738647
251,0.427777778,0.272626932,0.146112238,0.361111111,0.189820359,0.157337613,0.451851852,0.257149181,0.489649397,0.433333333,0.286420743,0.533722315,0.2,0.098317986,0.040666097
252,0.427777778,0.285871965,0.238269101,0.388888889,0.216167665,0.177745627,0.503703704,0.312217795,0.591735347,0.416666667,0.270462443,0.50476731,0.242424242,0.13674647,0.058725372
253,0.433333333,0.290949227,0.229073698,0.377777778,0.209447771,0.178389178,0.444444444,0.248074369,0.47077678,0.35,0.197968458,0.365554672,0.236363636,0.133284223,0.05755964
254,0.427777778,0.286313466,0.173360379,0.333333333,0.165136394,0.1377774,0.474074074,0.279238601,0.524505448,0.4,0.254958567,0.479710313,0.218181818,0.115702885,0.04899338
255,0.444444444,0.297350993,0.23841785,0.372222222,0.204723886,0.173342897,0.444444444,0.24687915,0.464751269,0.383333333,0.231435445,0.428384547,0.224242424,0.122602824,0.052756343
256,0.438888889,0.297792494,0.226761325,0.377777778,0.213040585,0.181286777,0.451851852,0.259849491,0.505966788,0.394444444,0.243063352,0.447954595,0.212121212,0.111479435,0.048198327
257,0.455555556,0.306401766,0.221798513,0.333333333,0.167065868,0.140092237,0.42962963,0.231164232,0.436239366,0.344444444,0.192408447,0.358235124,0.227272727,0.122922038,0.051968495
258,0.405555556,0.267770419,0.207978364,0.35,0.178709248,0.146387525,0.422222222,0.224302789,0.4256457,0.383333333,0.23258487,0.43250717,0.239393939,0.133824432,0.056657763
259,0.383333333,0.242825607,0.186923597,0.4,0.234530938,0.202377247,0.451851852,0.257990261,0.496523076,0.372222222,0.21954023,0.404154195,0.254545455,0.149490485,0.064678416
260,0.416666667,0.282781457,0.242799189,0.366666667,0.199135063,0.167673329,0.451851852,0.258698539,0.49901345,0.35,0.194199412,0.353855831,0.224242424,0.121866176,0.05241797
261,0.388888889,0.2401766,0.165909398,0.35,0.176380572,0.144290716,0.466666667,0.277025232,0.535497922,0.316666667,0.164047046,0.304890704,0.239393939,0.131000614,0.05475495
262,0.433333333,0.284988962,0.210899256,0.35,0.184364604,0.154872019,0.466666667,0.273041169,0.524954298,0.344444444,0.19577653,0.36762707,0.224242424,0.118453039,0.049116302
263,0.472222222,0.328697572,0.240270453,0.383333333,0.21590153,0.182032453,0.451851852,0.258388668,0.491166498,0.394444444,0.247126437,0.464050081,0.218181818,0.117176182,0.050875256
264,0.422222222,0.274172185,0.200540906,0.372222222,0.206586826,0.175406474,0.503703704,0.321912351,0.631547127,0.355555556,0.201176156,0.365505266,0.203030303,0.102590546,0.043733966
265,0.383333333,0.238189845,0.171643002,0.388888889,0.220492349,0.185766506,0.488888889,0.300575476,0.582758867,0.361111111,0.208954825,0.388108115,0.203030303,0.100945365,0.041849614
266,0.388888889,0.245033113,0.196984449,0.344444444,0.180239521,0.152122745,0.444444444,0.247277556,0.46846615,0.333333333,0.178267843,0.327753356,0.236363636,0.129527317,0.054185592
267,0.4,0.255187638,0.194604462,0.366666667,0.197671324,0.167036263,0.451851852,0.256750775,0.486182175,0.366666667,0.216065223,0.402013352,0.227272727,0.125082873,0.053273358
268,0.411111111,0.270860927,0.225233266,0.394444444,0.231403859,0.201140398,0.459259259,0.26710934,0.509832307,0.361111111,0.210906175,0.393278143,0.242424242,0.137974217,0.059137138
269,0.383333333,0.236865342,0.165098039,0.4,0.229807053,0.192809901,0.444444444,0.248517043,0.472784093,0.4,0.248650094,0.456126094,0.278787879,0.171418048,0.07444688
270,0.444444444,0.294701987,0.20540906,0.366666667,0.200864937,0.169230333,0.451851852,0.256972112,0.491860453,0.366666667,0.215209837,0.398114863,0.227272727,0.122553714,0.051745164
271,0.405555556,0.260706402,0.192657201,0.388888889,0.220093147,0.185608455,0.474074074,0.283178398,0.541170073,0.394444444,0.242448543,0.445806763,0.257575758,0.148827502,0.062831323
272,0.438888889,0.294481236,0.19867478,0.388888889,0.220093147,0.184947073,0.451851852,0.254448871,0.48095581,0.361111111,0.208366747,0.384996505,0.239393939,0.136402701,0.059248578
273,0.455555556,0.316335541,0.245192698,0.444444444,0.279574185,0.241693819,0.466666667,0.272819832,0.519096275,0.383333333,0.234669874,0.43502398,0.245454545,0.13664825,0.056499833
274,0.411111111,0.266445916,0.194306964,0.383333333,0.218496341,0.186165281,0.511111111,0.327711377,0.641338583,0.327777778,0.170302058,0.309155761,0.203030303,0.100675261,0.04227894
275,0.4,0.260264901,0.205179175,0.344444444,0.173320027,0.141466874,0.451851852,0.258875609,0.496777883,0.383333333,0.231034483,0.426238402,0.236363636,0.133873542,0.057581478
276,0.405555556,0.266004415,0.212454361,0.366666667,0.20073187,0.170330205,0.414814815,0.214918105,0.401610037,0.311111111,0.154129912,0.279744294,0.251515152,0.146421117,0.063130749
277,0.433333333,0.290949227,0.238566599,0.416666667,0.249966733,0.214695489,0.488888889,0.298273572,0.568032109,0.361111111,0.206629244,0.377084809,0.251515152,0.143499079,0.060796809
278,0.422222222,0.286092715,0.208478702,0.366666667,0.200199601,0.173322635,0.444444444,0.248118637,0.467738493,0.355555556,0.205907511,0.383170173,0.245454545,0.142688766,0.062325227
279,0.411111111,0.257615894,0.169763354,0.372222222,0.203925482,0.171214479,0.496296296,0.312527667,0.611614429,0.35,0.199572307,0.372755646,0.233333333,0.127906691,0.053595184
280,0.45,0.3,0.180933063,0.405555556,0.237258816,0.20189661,0.459259259,0.264010624,0.497895156,0.366666667,0.212884256,0.392253874,0.266666667,0.161497851,0.071105926
281,0.422222222,0.274613687,0.188167681,0.4,0.22920825,0.193072509,0.4,0.197963701,0.365873648,0.388888889,0.239989308,0.447024558,0.236363636,0.131123389,0.055624521
282,0.444444444,0.300441501,0.230196078,0.355555556,0.184697272,0.152057093,0.451851852,0.259274015,0.498989961,0.422222222,0.273001871,0.503838961,0.251515152,0.146568447,0.06283819
283,0.405555556,0.266004415,0.240554429,0.383333333,0.215834997,0.183479226,0.481481481,0.295307658,0.574994128,0.333333333,0.181128041,0.336351192,0.233333333,0.130214856,0.056154256
284,0.438888889,0.289845475,0.196511156,0.344444444,0.173652695,0.144642481,0.474074074,0.282425852,0.5412242,0.383333333,0.234696605,0.437650447,0.263636364,0.154671578,0.066172165
285,0.422222222,0.27196468,0.199148073,0.388888889,0.223552894,0.191674367,0.437037037,0.237804338,0.444344189,0.366666667,0.213766373,0.391159232,0.227272727,0.124837324,0.053536987
286,0.416666667,0.281898455,0.222893847,0.427777778,0.261942781,0.226940784,0.451851852,0.254935812,0.478235138,0.344444444,0.193691526,0.36136047,0.239393939,0.131884592,0.054671651
287,0.4,0.249889625,0.166626099,0.327777778,0.164803726,0.141252898,0.555555556,0.376494024,0.741245647,0.377777778,0.231194868,0.43515846,0.257575758,0.150620012,0.06456101
288,0.372222222,0.230684327,0.170642326,0.477777778,0.30738523,0.265253935,0.481481481,0.286277114,0.536907789,0.372222222,0.222908313,0.418477334,0.239393939,0.131712707,0.054398341
289,0.45,0.307726269,0.247707911,0.333333333,0.163805722,0.134610709,0.474074074,0.280965029,0.533054526,0.361111111,0.213258487,0.401004266,0.227272727,0.128152241,0.056464487
290,0.433333333,0.288300221,0.205070994,0.366666667,0.199467731,0.169110376,0.466666667,0.271713147,0.512420213,0.372222222,0.217348303,0.395545032,0.242424242,0.135543278,0.05733282
291,0.45,0.302869757,0.239567275,0.4,0.228942116,0.1938579,0.481481481,0.29105799,0.559333415,0.355555556,0.199919808,0.365390548,0.239393939,0.135567833,0.058802254
292,0.488888889,0.347461369,0.280135227,0.361111111,0.199401198,0.170951871,0.481481481,0.287428066,0.546241715,0.394444444,0.240684309,0.440576001,0.242424242,0.138661756,0.059849117
293,0.45,0.314128035,0.256997972,0.416666667,0.243113772,0.203394446,0.474074074,0.280123949,0.53294525,0.422222222,0.275033414,0.51325091,0.26969697,0.159729896,0.067907255
294,0.438888889,0.288962472,0.19464503,0.405555556,0.235395875,0.198576732,0.444444444,0.249181054,0.475490977,0.355555556,0.202699813,0.375830622,0.251515152,0.141903008,0.059117777
295,0.416666667,0.266887417,0.170493577,0.366666667,0.198602794,0.166310039,0.496296296,0.30792386,0.590464884,0.377777778,0.229163325,0.42928494,0.218181818,0.116414979,0.050181287
296,0.422222222,0.279028698,0.212359703,0.388888889,0.214903526,0.176849195,0.459259259,0.264718902,0.500219574,0.388888889,0.238412189,0.441959126,0.227272727,0.124984653,0.054056479
297,0.438888889,0.292935982,0.22,0.377777778,0.209580838,0.17681029,0.42962963,0.230146082,0.431563467,0.444444444,0.295723069,0.544660304,0.23030303,0.123535912,0.051428967
298,0.455555556,0.318763797,0.268478702,0.338888889,0.167864271,0.137831704,0.444444444,0.248694112,0.473748685,0.383333333,0.228922748,0.416369508,0.275757576,0.166580724,0.071796179
299,0.433333333,0.28807947,0.222096011,0.4,0.230206254,0.195723711,0.474074074,0.282381585,0.536730598,0.4,0.251055867,0.466060058,0.251515152,0.145512584,0.062490474
300,0.455555556,0.312362031,0.23254902,0.372222222,0.203725882,0.171243658,0.414814815,0.213103143,0.397174137,0.383333333,0.231221599,0.425893042,0.260606061,0.151995089,0.064931464
301,0.45,0.302649007,0.231656525,0.411111111,0.239055223,0.19964013,0.481481481,0.287339531,0.54545993,0.35,0.195482491,0.357187959,0.242424242,0.13490485,0.056587859
302,0.45,0.307505519,0.235659229,0.355555556,0.187757818,0.156147774,0.444444444,0.253253652,0.493010917,0.388888889,0.237048917,0.437052033,0.239393939,0.137409454,0.059964834
303,0.394444444,0.251655629,0.191845842,0.388888889,0.218097139,0.183005884,0.422222222,0.221159805,0.412628553,0.383333333,0.234242181,0.435671318,0.203030303,0.101264579,0.042385991
304,0.405555556,0.261368653,0.170114943,0.333333333,0.167664671,0.141357454,0.451851852,0.260247897,0.502666033,0.355555556,0.202004812,0.370872195,0.245454545,0.141387354,0.061232776
305,0.466666667,0.31986755,0.218269101,0.4,0.237924152,0.20697288,0.444444444,0.25126162,0.489116292,0.427777778,0.2797915,0.521384812,0.23030303,0.125868631,0.053369715
306,0.455555556,0.319426049,0.257606491,0.377777778,0.212175649,0.18110279,0.481481481,0.290571049,0.559880817,0.405555556,0.254343758,0.469489311,0.218181818,0.118158379,0.051892401
307,0.45,0.307505519,0.229817444,0.35,0.173719228,0.140615831,0.422222222,0.226029216,0.429390198,0.411111111,0.260866079,0.481228159,0.233333333,0.129871087,0.055185176
308,0.372222222,0.224282561,0.144516565,0.361111111,0.193013972,0.16134481,0.466666667,0.272554228,0.515157225,0.411111111,0.260625501,0.480369942,0.26969697,0.163314917,0.071021614
309,0.394444444,0.247682119,0.177484787,0.361111111,0.194145043,0.164151632,0.459259259,0.264674635,0.503507563,0.35,0.196658647,0.362446196,0.254545455,0.14737876,0.062794402
310,0.45,0.307284768,0.232914131,0.416666667,0.247238856,0.210721522,0.451851852,0.257768924,0.491480029,0.405555556,0.255787223,0.473483238,0.266666667,0.157495396,0.066914086
311,0.472222222,0.333112583,0.254022989,0.344444444,0.176513639,0.146943539,0.422222222,0.222753431,0.412958424,0.383333333,0.231061214,0.426331188,0.248484848,0.143572744,0.062482932
312,0.4,0.252538631,0.155361731,0.388888889,0.221024617,0.187932208,0.466666667,0.272155821,0.516714156,0.422222222,0.273696872,0.506786205,0.272727273,0.166678944,0.072708751
313,0.444444444,0.291611479,0.171534821,0.366666667,0.196872921,0.165048064,0.496296296,0.306330235,0.584536393,0.372222222,0.221411387,0.413695563,0.266666667,0.158477594,0.06792943
314,0.427777778,0.281898455,0.198444895,0.377777778,0.207784431,0.175233834,0.42962963,0.232580788,0.437154427,0.405555556,0.255733761,0.472622852,0.272727273,0.163953346,0.070162061
315,0.416666667,0.267770419,0.207369844,0.338888889,0.175981371,0.150929663,0.407407407,0.210402833,0.3993663,0.416666667,0.267308206,0.496649314,0.242424242,0.140110497,0.060799398
316,0.427777778,0.283443709,0.24918188,0.377777778,0.209181637,0.177119908,0.451851852,0.261841523,0.509447798,0.4,0.25014702,0.462786735,0.236363636,0.132252916,0.05611452
317,0.433333333,0.292494481,0.209141312,0.4,0.23253493,0.199005495,0.451851852,0.259805224,0.501765781,0.361111111,0.206629244,0.376694623,0.272727273,0.167268263,0.073326962
318,0.444444444,0.302428256,0.215753888,0.411111111,0.244311377,0.209413348,0.451851852,0.255068614,0.478762625,0.394444444,0.245014702,0.456726436,0.251515152,0.146813996,0.063477451
319,0.383333333,0.22803532,0.137119675,0.35,0.179574185,0.14733583,0.466666667,0.277290837,0.53248006,0.3,0.142314889,0.257805895,0.248484848,0.142025783,0.060349022
320,0.455555556,0.315673289,0.239918864,0.394444444,0.225083167,0.189244436,0.451851852,0.254935812,0.483278185,0.327777778,0.174873029,0.324102138,0.233333333,0.129576427,0.054988749
321,0.411111111,0.26004415,0.170493577,0.4,0.226480373,0.188215079,0.496296296,0.305135015,0.584652818,0.4,0.252472601,0.469264213,0.23030303,0.127292818,0.054600059
322,0.438888889,0.291390728,0.220933063,0.377777778,0.210645376,0.17942664,0.481481481,0.290438247,0.553507563,0.383333333,0.237530072,0.446087292,0.260606061,0.154229589,0.066366904
323,0.416666667,0.272847682,0.196389452,0.388888889,0.215968064,0.180320641,0.414814815,0.217175741,0.408210015,0.366666667,0.214728682,0.395804353,0.196969697,0.098661756,0.042296501
324,0.422222222,0.276379691,0.198958756,0.394444444,0.225083167,0.189305225,0.42962963,0.234174413,0.44720069,0.383333333,0.231569099,0.428330562,0.233333333,0.130313076,0.055636903
325,0.433333333,0.291390728,0.227559162,0.35,0.179308051,0.147442007,0.451851852,0.260513502,0.501866887,0.372222222,0.221144079,0.410018557,0.23030303,0.128717004,0.055596154
326,0.427777778,0.278807947,0.1687762,0.344444444,0.174983367,0.143954352,0.385185185,0.184594954,0.34870043,0.372222222,0.223202352,0.416783795,0.236363636,0.13247391,0.056041465
327,0.411111111,0.264238411,0.173698445,0.366666667,0.200598802,0.169028514,0.451851852,0.258787074,0.494757294,0.383333333,0.231355253,0.427180247,0.23030303,0.126752609,0.053866017
328,0.461111111,0.307064018,0.178850575,0.35,0.182767798,0.154987113,0.42962963,0.232757857,0.443399512,0.338888889,0.186928629,0.346494589,0.260606061,0.15150399,0.063767984
329,0.416666667,0.271743929,0.196524679,0.383333333,0.210379242,0.173980775,0.422222222,0.226162019,0.431203468,0.361111111,0.209355787,0.386941412,0.266666667,0.158133824,0.066918927
330,0.411111111,0.262693157,0.168586883,0.388888889,0.21996008,0.18558414,0.451851852,0.257547587,0.485550517,0.372222222,0.219032344,0.401813318,0.254545455,0.149195826,0.064165004
331,0.427777778,0.276379691,0.184503043,0.372222222,0.205389222,0.173985638,0.444444444,0.246392209,0.468736787,0.377777778,0.232959102,0.44030945,0.266666667,0.158453039,0.06817685
332,0.416666667,0.273068433,0.199810683,0.383333333,0.211044578,0.175408906,0.42962963,0.233067729,0.444140445,0.372222222,0.222427159,0.413370689,0.227272727,0.124248005,0.052926993
333,0.416666667,0.273509934,0.224421907,0.344444444,0.173053892,0.141290992,0.466666667,0.269853918,0.506484063,0.377777778,0.228388132,0.426353602,0.257575758,0.150742787,0.064644196
334,0.416666667,0.274834437,0.229492901,0.394444444,0.224018629,0.187742547,0.437037037,0.241080124,0.458898353,0.344444444,0.193611334,0.361781023,0.193939394,0.095518723,0.041072572
335,0.422222222,0.286092715,0.227099391,0.344444444,0.175316035,0.143613934,0.407407407,0.210889774,0.401216847,0.416666667,0.268564555,0.498385511,0.257575758,0.151430325,0.065866774
336,0.45,0.311037528,0.24020284,0.338888889,0.168795742,0.137441845,0.414814815,0.220097388,0.424848086,0.388888889,0.240016038,0.448297785,0.236363636,0.131810927,0.05611846
337,0.405555556,0.261147903,0.174225828,0.327777778,0.157019295,0.126131887,0.422222222,0.223992917,0.423937621,0.394444444,0.243811815,0.450650712,0.23030303,0.12825046,0.05569161
338,0.383333333,0.245253863,0.193860717,0.383333333,0.214703925,0.179848109,0.474074074,0.283842408,0.544203254,0.355555556,0.201817696,0.371882968,0.236363636,0.130411295,0.055354363
339,0.422222222,0.281677704,0.226707235,0.344444444,0.172987359,0.139834492,0.488888889,0.301593625,0.580692321,0.361111111,0.213605988,0.402106138,0.248484848,0.143425414,0.061200582
340,0.438888889,0.292273731,0.214550372,0.344444444,0.176912841,0.146249737,0.444444444,0.249358123,0.474332853,0.372222222,0.22248062,0.415748198,0.26969697,0.163486802,0.07132284
341,0.422222222,0.275275938,0.179959432,0.383333333,0.212641384,0.179027055,0.451851852,0.258211598,0.493647171,0.388888889,0.240764501,0.449189984,0.212121212,0.10941682,0.04568901
342,0.405555556,0.264459161,0.194509804,0.327777778,0.156620093,0.126317496,0.459259259,0.270872067,0.528007905,0.355555556,0.201416733,0.370045791,0.233333333,0.128913444,0.05488395
343,0.45,0.306622517,0.222839757,0.383333333,0.210046574,0.174109647,0.474074074,0.286454183,0.55957801,0.377777778,0.2280139,0.422880486,0.227272727,0.123928791,0.053240939
344,0.477777778,0.341721854,0.269885057,0.361111111,0.194743846,0.166237093,0.518518519,0.334218681,0.650847657,0.4,0.250842021,0.4643858,0.23030303,0.125647637,0.053017834
345,0.461111111,0.318984547,0.250899256,0.394444444,0.224085163,0.187620159,0.407407407,0.212571934,0.419335764,0.427777778,0.283854584,0.533872701,0.257575758,0.150472683,0.06408238
346,0.438888889,0.296247241,0.229127789,0.377777778,0.210113107,0.178552092,0.437037037,0.244488712,0.472953113,0.388888889,0.245469126,0.464542694,0.248484848,0.143621854,0.061943292
347,0.411111111,0.265342163,0.179864773,0.344444444,0.179041916,0.152014135,0.451851852,0.261708721,0.508993842,0.35,0.200507886,0.375714217,0.221212121,0.118575813,0.050292165
348,0.427777778,0.274613687,0.173617309,0.355555556,0.189820359,0.160353548,0.451851852,0.260513502,0.504913856,0.361111111,0.212189254,0.397247006,0.215151515,0.11174954,0.046577042
349,0.433333333,0.291169978,0.209411765,0.433333333,0.266932801,0.232245619,0.444444444,0.248295706,0.470822227,0.327777778,0.173135525,0.31832526,0.242424242,0.133578883,0.055399727
350,0.444444444,0.307505519,0.257728195,0.4,0.2332668,0.20089319,0.459259259,0.267817618,0.515413565,0.4,0.249933173,0.461989492,0.272727273,0.165647637,0.071717721
351,0.472222222,0.336423841,0.27841785,0.355555556,0.188755822,0.159069688,0.42962963,0.231297034,0.434455202,0.466666667,0.325233895,0.614329164,0.242424242,0.138538981,0.059239573
352,0.4,0.256732892,0.19254902,0.4,0.233799069,0.199077631,0.459259259,0.265559982,0.511657322,0.372222222,0.221598503,0.410932687,0.26969697,0.166089626,0.072981385
353,0.45,0.30816777,0.238133874,0.361111111,0.19001996,0.157284119,0.437037037,0.24063745,0.45591215,0.4,0.25145683,0.466090907,0.263636364,0.154303254,0.065677213
354,0.372222222,0.228256071,0.143083164,0.405555556,0.237059215,0.200085915,0.444444444,0.249003984,0.473437707,0.405555556,0.258807805,0.48285277,0.248484848,0.142394107,0.060740638
355,0.405555556,0.258278146,0.205625423,0.388888889,0.223020625,0.192019647,0.437037037,0.242408145,0.46318821,0.338888889,0.18144881,0.327936519,0.224242424,0.121448742,0.051577892
356,0.405555556,0.249668874,0.142974983,0.4,0.230006653,0.19279207,0.444444444,0.250774679,0.48614643,0.344444444,0.193638065,0.361245029,0.245454545,0.143179865,0.062853724
357,0.416666667,0.279470199,0.245327924,0.344444444,0.179906853,0.152985946,0.466666667,0.277335104,0.534578265,0.388888889,0.242395082,0.455517557,0.236363636,0.13252302,0.056673072
358,0.461111111,0.311699779,0.22091954,0.355555556,0.187159015,0.155582032,0.466666667,0.278663125,0.542762748,0.361111111,0.207671746,0.380654568,0.242424242,0.135739718,0.056816255
359,0.4,0.25584989,0.18336714,0.377777778,0.205123087,0.171597854,0.474074074,0.283488269,0.542185729,0.344444444,0.189414595,0.345787964,0.242424242,0.135764273,0.057729727
360,0.411111111,0.266445916,0.196524679,0.338888889,0.16912841,0.139148795,0.451851852,0.258787074,0.496564437,0.416666667,0.266613205,0.493979225,0.218181818,0.114057704,0.047769001
361,0.422222222,0.281898455,0.219567275,0.377777778,0.207784431,0.174284719,0.474074074,0.289021691,0.567412196,0.327777778,0.17262764,0.315860748,0.203030303,0.102222222,0.042489889
362,0.405555556,0.26401766,0.195064233,0.361111111,0.192015968,0.161947835,0.407407407,0.20438247,0.378097266,0.394444444,0.246404705,0.460463934,0.284848485,0.177237569,0.076792639
363,0.444444444,0.298454746,0.224584178,0.394444444,0.227411843,0.191838902,0.459259259,0.267330677,0.514052718,0.344444444,0.191178829,0.351738607,0.26969697,0.163585021,0.07083543
364,0.45,0.310375276,0.261217039,0.338888889,0.172188955,0.143642303,0.422222222,0.225719345,0.434209586,0.361111111,0.208179631,0.382917842,0.254545455,0.147648864,0.062978222
365,0.4,0.254746137,0.1743881,0.366666667,0.194145043,0.156677852,0.466666667,0.279371403,0.547640348,0.35,0.197567495,0.366354325,0.251515152,0.144947821,0.061180658
366,0.4,0.256953642,0.184448952,0.355555556,0.186427146,0.154034755,0.459259259,0.266622399,0.507892909,0.438888889,0.291954023,0.545391512,0.251515152,0.148581952,0.065464238
367,0.411111111,0.265342163,0.209682218,0.416666667,0.249966733,0.215368218,0.488888889,0.296237273,0.561286089,0.388888889,0.238732959,0.444870219,0.23030303,0.125868631,0.053603289
368,0.4,0.252317881,0.153739013,0.411111111,0.249367931,0.217105157,0.414814815,0.217131474,0.413910761,0.4,0.252739909,0.471838864,0.281818182,0.174045427,0.075132518
369,0.388888889,0.250772627,0.198688303,0.394444444,0.225548902,0.190264067,0.414814815,0.217087207,0.409403883,0.361111111,0.20943598,0.386885258,0.224242424,0.120908533,0.051923581
370,0.411111111,0.264679912,0.202474645,0.355555556,0.188489687,0.158566357,0.444444444,0.249136786,0.471315502,0.355555556,0.205399626,0.383193792,0.209090909,0.103916513,0.042363702
371,0.372222222,0.220529801,0.142691007,0.394444444,0.2332668,0.203326363,0.488888889,0.298007968,0.568701043,0.372222222,0.221545041,0.410642036,0.251515152,0.14742787,0.064170744
372,0.422222222,0.283222958,0.191061528,0.372222222,0.206387226,0.17574446,0.444444444,0.254847278,0.496810053,0.366666667,0.211039829,0.385649869,0.290909091,0.182369552,0.07925648
373,0.383333333,0.235540839,0.165327924,0.383333333,0.210512309,0.171648106,0.444444444,0.248339973,0.466737135,0.35,0.198342689,0.367611404,0.263636364,0.156414979,0.066788125
374,0.422222222,0.273509934,0.176970926,0.372222222,0.206121091,0.175083889,0.437037037,0.240460381,0.451410378,0.338888889,0.185886127,0.344906611,0.203030303,0.10092081,0.041730745
375,0.405555556,0.266666667,0.217782285,0.383333333,0.210445775,0.173171068,0.533333333,0.350022134,0.675657445,0.355555556,0.202405774,0.373429494,0.236363636,0.130877839,0.05565649
376,0.377777778,0.225827815,0.143421231,0.394444444,0.225083167,0.189782619,0.4,0.20084108,0.377503906,0.366666667,0.215797915,0.401150315,0.272727273,0.165966851,0.071834677
377,0.433333333,0.289183223,0.204597701,0.35,0.183499667,0.155941092,0.496296296,0.310181496,0.602244248,0.35,0.194653836,0.356390958,0.26969697,0.160270104,0.06794125
378,0.422222222,0.278366446,0.188208249,0.366666667,0.204324684,0.175863606,0.488888889,0.304736609,0.597753199,0.366666667,0.212670409,0.388166438,0.227272727,0.123388582,0.052821969
379,0.405555556,0.256732892,0.180013523,0.416666667,0.251031271,0.217114072,0.437037037,0.242054006,0.462686255,0.35,0.196712109,0.360194732,0.254545455,0.146666667,0.061693508
380,0.455555556,0.317439294,0.250682894,0.344444444,0.177644711,0.149246219,0.444444444,0.250066401,0.474456938,0.372222222,0.219379845,0.402805774,0.284848485,0.174290976,0.074505189
381,0.433333333,0.29580574,0.238187965,0.388888889,0.219361277,0.185119713,0.503703704,0.315980522,0.607699889,0.361111111,0.208072708,0.384007423,0.266666667,0.160319214,0.069571541
382,0.422222222,0.283664459,0.243921569,0.333333333,0.171989355,0.148549174,0.451851852,0.260115095,0.503825178,0.388888889,0.238037958,0.44068614,0.275757576,0.167292818,0.071654121
383,0.377777778,0.226048565,0.13571332,0.372222222,0.209913506,0.182741656,0.407407407,0.208277999,0.394623508,0.338888889,0.186394012,0.345677584,0.254545455,0.1475752,0.062436443
384,0.394444444,0.249889625,0.172670723,0.433333333,0.265469062,0.228261116,0.503703704,0.318238158,0.618151598,0.394444444,0.248008554,0.466192129,0.296969697,0.188410068,0.082272006
385,0.4,0.257615894,0.171169709,0.405555556,0.238190286,0.202811684,0.437037037,0.243824701,0.472303073,0.338888889,0.186848436,0.34839732,0.257575758,0.150153468,0.063852746
386,0.4,0.263134658,0.217809331,0.411111111,0.236194278,0.195646712,0.422222222,0.222886233,0.418461554,0.355555556,0.200133654,0.365082544,0.293939394,0.18096992,0.077067637
387,0.383333333,0.236423841,0.174198783,0.4,0.234863606,0.200378512,0.459259259,0.267596282,0.51787279,0.383333333,0.230900829,0.423850047,0.263636364,0.15577655,0.066188037
388,0.427777778,0.291390728,0.238066261,0.344444444,0.178842315,0.150917506,0.548148148,0.361177512,0.689269994,0.372222222,0.219486768,0.404918661,0.236363636,0.132891344,0.056980602
389,0.416666667,0.273289183,0.201271129,0.377777778,0.212109115,0.180232294,0.459259259,0.268747233,0.517513813,0.377777778,0.226035819,0.417266045,0.227272727,0.123192142,0.051585659
390,0.422222222,0.285651214,0.220567951,0.4,0.234131737,0.201275754,0.422222222,0.223594511,0.418376278,0.3,0.14266239,0.258861736,0.248484848,0.142443217,0.060540271
391,0.361111111,0.218101545,0.163002028,0.361111111,0.194011976,0.162226653,0.459259259,0.270385126,0.527870543,0.366666667,0.213205025,0.390794833,0.221212121,0.117986495,0.049830645
392,0.388888889,0.240838852,0.165544287,0.394444444,0.227278776,0.192423285,0.444444444,0.249756529,0.474551406,0.35,0.198315958,0.36696744,0.266666667,0.158526703,0.068066535
393,0.444444444,0.305739514,0.264002705,0.35,0.184497671,0.155422361,0.474074074,0.277467906,0.521202651,0.461111111,0.321972735,0.611294676,0.233333333,0.130362185,0.055857757
394,0.411111111,0.264679912,0.212981744,0.4,0.23752495,0.206206131,0.459259259,0.268880035,0.520741036,0.327777778,0.171531676,0.31168438,0.206060606,0.104579497,0.043540916
395,0.366666667,0.224944812,0.150209601,0.405555556,0.235928144,0.198400039,0.488888889,0.300221337,0.578729945,0.372222222,0.222213312,0.413487094,0.245454545,0.138956415,0.058805857
396,0.372222222,0.230022075,0.185571332,0.4,0.231669993,0.196261084,0.474074074,0.280920761,0.530998192,0.372222222,0.220956963,0.407904225,0.227272727,0.123069368,0.052034571
397,0.427777778,0.286975717,0.234929006,0.361111111,0.197804391,0.168750507,0.42962963,0.235059761,0.452403056,0.361111111,0.206495589,0.379412913,0.245454545,0.142860651,0.062299562
398,0.377777778,0.236644592,0.162826234,0.338888889,0.176114438,0.149715508,0.444444444,0.248649845,0.472285711,0.361111111,0.209836942,0.38912901,0.26969697,0.163216697,0.070180184
399,0.377777778,0.234216336,0.173766058,0.35,0.183699268,0.154768273,0.481481481,0.292164675,0.560037583,0.411111111,0.258112804,0.472965078,0.221212121,0.121276857,0.052544382
400,0.461111111,0.315011038,0.243718729,0.388888889,0.221556886,0.187201122,0.511111111,0.322576361,0.620426994,0.4,0.251537022,0.469152628,0.218181818,0.114941682,0.048505632
401,0.477777778,0.333333333,0.287883705,0.388888889,0.221290752,0.187225437,0.444444444,0.251350155,0.488606166,0.4,0.252793371,0.47100282,0.26969697,0.16009822,0.067833862
402,0.405555556,0.262030905,0.174929006,0.388888889,0.218762475,0.183197977,0.437037037,0.241257193,0.457643719,0.361111111,0.204704624,0.371701492,0.233333333,0.130828729,0.056066117
403,0.388888889,0.243487859,0.182204192,0.372222222,0.206986028,0.176441505,0.444444444,0.249003984,0.477958884,0.4,0.25180433,0.470786157,0.257575758,0.154278699,0.06730953
404,0.411111111,0.275275938,0.222407032,0.372222222,0.202528277,0.167849211,0.444444444,0.248694112,0.478370457,0.405555556,0.258112804,0.482462825,0.248484848,0.142246777,0.060225875
405,0.433333333,0.290728477,0.199891819,0.388888889,0.221423819,0.187304057,0.422222222,0.224302789,0.423173708,0.394444444,0.242314889,0.44580604,0.266666667,0.159337017,0.06786448
406,0.461111111,0.322295806,0.261000676,0.35,0.185296075,0.156003501,0.392592593,0.193359894,0.365928286,0.4,0.251055867,0.468223797,0.248484848,0.142369552,0.060755159
407,0.455555556,0.320971302,0.290791075,0.377777778,0.209115103,0.175662598,0.459259259,0.266489597,0.509038778,0.377777778,0.225795242,0.413712674,0.290909091,0.177851443,0.074880821
408,0.355555556,0.217218543,0.181798513,0.361111111,0.195409182,0.1664689,0.459259259,0.267552014,0.512207788,0.333333333,0.175781877,0.319022968,0.245454545,0.141583794,0.061261368
409,0.372222222,0.22406181,0.140622042,0.383333333,0.218829009,0.189840166,0.481481481,0.290172643,0.556565765,0.433333333,0.284977279,0.529763334,0.263636364,0.158600368,0.068951303
410,0.45,0.309713024,0.245179175,0.383333333,0.214437791,0.178927361,0.437037037,0.245506861,0.479929941,0.416666667,0.266025127,0.49126431,0.26969697,0.165573972,0.073332816
411,0.433333333,0.287637969,0.201284652,0.411111111,0.240918164,0.20445055,0.474074074,0.283178398,0.545819418,0.433333333,0.290189789,0.546739209,0.257575758,0.147894414,0.061945318
412,0.416666667,0.27218543,0.196362407,0.383333333,0.217165669,0.184422669,0.474074074,0.283621071,0.547797114,0.372222222,0.224325047,0.419724773,0.254545455,0.147722529,0.063066586
413,0.4,0.250110375,0.170141988,0.338888889,0.177112442,0.15216165,0.459259259,0.266091191,0.508165589,0.4,0.250467789,0.46344781,0.257575758,0.152117864,0.065950073
414,0.461111111,0.313907285,0.223272481,0.388888889,0.220758483,0.186324953,0.437037037,0.237804338,0.443283597,0.388888889,0.237022187,0.43638927,0.278787879,0.168275015,0.071888596
415,0.438888889,0.301324503,0.246815416,0.394444444,0.227345309,0.193891131,0.474074074,0.281850376,0.538564294,0.388888889,0.240016038,0.448084496,0.266666667,0.159042357,0.068481678
416,0.438888889,0.298896247,0.248100068,0.377777778,0.209381238,0.176405032,0.459259259,0.265869854,0.506625509,0.383333333,0.23159583,0.426357699,0.224242424,0.119975445,0.050340681
417,0.45,0.307726269,0.233157539,0.416666667,0.252361943,0.218642708,0.466666667,0.273085436,0.519827507,0.4,0.249959904,0.462074567,0.26969697,0.160441989,0.067468361
418,0.433333333,0.286975717,0.204151454,0.372222222,0.208915502,0.179756521,0.481481481,0.291367862,0.562352809,0.361111111,0.211788292,0.394645121,0.260606061,0.15582566,0.06757012
419,0.433333333,0.290728477,0.232941176,0.355555556,0.190086494,0.1594174,0.437037037,0.240991589,0.455014962,0.361111111,0.208313285,0.384643675,0.296969697,0.186543892,0.080090706
420,0.411111111,0.266445916,0.200013523,0.416666667,0.250765136,0.214429639,0.42962963,0.23289066,0.440394926,0.361111111,0.208313285,0.383549755,0.242424242,0.140159607,0.060740976
421,0.411111111,0.262030905,0.181528059,0.4,0.237258816,0.205157321,0.474074074,0.277467906,0.518623937,0.388888889,0.243116814,0.457891452,0.251515152,0.146445672,0.062996795
422,0.433333333,0.296467991,0.252062204,0.4,0.234264804,0.201859327,0.437037037,0.24519699,0.474772511,0.366666667,0.212777332,0.38968814,0.239393939,0.133898097,0.056711794
423,0.444444444,0.31192053,0.238701826,0.438888889,0.266866267,0.225677187,0.481481481,0.288933156,0.547934986,0.383333333,0.233012563,0.432532475,0.284848485,0.176918355,0.076558727
424,0.427777778,0.282560706,0.183204868,0.422222222,0.25415835,0.218876947,0.511111111,0.322797698,0.619744273,0.355555556,0.204651163,0.380615044,0.260606061,0.152584408,0.065475157
425,0.4,0.266004415,0.218255578,0.344444444,0.178642715,0.150696234,0.459259259,0.265869854,0.510674347,0.422222222,0.27262764,0.5045345,0.227272727,0.121571516,0.050723742
426,0.405555556,0.260927152,0.179296822,0.422222222,0.251430472,0.210774206,0.488888889,0.296901284,0.568320108,0.366666667,0.215129644,0.397515726,0.290909091,0.178293432,0.076376596
427,0.416666667,0.277483444,0.204137931,0.35,0.182568197,0.153631117,0.474074074,0.283355467,0.543665043,0.344444444,0.192675755,0.355786759,0.318181818,0.20422345,0.088070047
428,0.45,0.317880795,0.272021636,0.361111111,0.19594145,0.165884517,0.451851852,0.255732625,0.484659967,0.405555556,0.259369153,0.487331357,0.275757576,0.166482505,0.070908485
429,0.4,0.254966887,0.216578769,0.394444444,0.230805057,0.200708392,0.414814815,0.2187251,0.416502242,0.366666667,0.213900027,0.394459788,0.257575758,0.152437078,0.06571481
430,0.444444444,0.302649007,0.206139283,0.35,0.18576181,0.156658399,0.42962963,0.232802125,0.438518848,0.355555556,0.201817696,0.373237414,0.263636364,0.159508901,0.070040265
431,0.383333333,0.232891832,0.140703178,0.455555556,0.292282102,0.254738284,0.466666667,0.272952634,0.518502405,0.416666667,0.269125902,0.501730894,0.272727273,0.163634131,0.070274627
432,0.433333333,0.298675497,0.255388776,0.422222222,0.256220892,0.22016567,0.414814815,0.214829571,0.403364074,0.427777778,0.278962844,0.516777047,0.266666667,0.160491099,0.069159437
433,0.444444444,0.303752759,0.218498986,0.383333333,0.213972056,0.178796058,0.422222222,0.224214254,0.424119407,0.361111111,0.210585405,0.392329791,0.303030303,0.188827502,0.080092957
434,0.372222222,0.224282561,0.135524003,0.383333333,0.218695941,0.18755856,0.466666667,0.274147853,0.528363818,0.355555556,0.204971933,0.384831176,0.236363636,0.133578883,0.057798955
435,0.416666667,0.266004415,0.170507099,0.377777778,0.208782435,0.174390896,0.437037037,0.240106242,0.457007466,0.377777778,0.226757551,0.420878943,0.254545455,0.146126458,0.061948695
436,0.377777778,0.233333333,0.156335362,0.377777778,0.212774451,0.183465448,0.533333333,0.348826915,0.671213885,0.344444444,0.191312483,0.35486323,0.248484848,0.14325353,0.06151374
437,0.4,0.259602649,0.20250169,0.394444444,0.22588157,0.192028563,0.466666667,0.273970784,0.522808603,0.383333333,0.230526597,0.424258791,0.233333333,0.129134438,0.055420889
438,0.422222222,0.272626932,0.186761325,0.461111111,0.289554225,0.247741899,0.422222222,0.222310757,0.416124371,0.377777778,0.228307939,0.426677512,0.284848485,0.175911602,0.075858118
439,0.4,0.258057395,0.196132522,0.377777778,0.210046574,0.17883172,0.481481481,0.292784418,0.563807613,0.372222222,0.219059075,0.401786807,0.275757576,0.167661142,0.072496339
440,0.394444444,0.254966887,0.183786342,0.411111111,0.245242848,0.21051322,0.474074074,0.281673307,0.536527876,0.388888889,0.242127773,0.455846528,0.275757576,0.168373235,0.073071213
441,0.5,0.363796909,0.288505747,0.355555556,0.190552229,0.160442705,0.437037037,0.240681718,0.456109766,0.355555556,0.205880781,0.384482443,0.254545455,0.146740331,0.061914925
442,0.427777778,0.282119205,0.210223124,0.366666667,0.201996008,0.17242215,0.481481481,0.29477645,0.575106978,0.366666667,0.218096766,0.408465283,0.263636364,0.157028852,0.067265855
443,0.438888889,0.303090508,0.200162272,0.377777778,0.206586826,0.172036344,0.481481481,0.292607348,0.563910251,0.377777778,0.227666399,0.423056419,0.236363636,0.134585635,0.058623162
444,0.4,0.262251656,0.205787694,0.383333333,0.216034597,0.183611341,0.466666667,0.277423639,0.538493316,0.372222222,0.221651965,0.410373316,0.260606061,0.15364027,0.065724491
445,0.377777778,0.23995585,0.192292089,0.388888889,0.22328676,0.189766409,0.474074074,0.285878707,0.556543808,0.35,0.19967923,0.372728653,0.245454545,0.142050338,0.06169711
446,0.433333333,0.295143488,0.237714672,0.433333333,0.258017299,0.214975117,0.451851852,0.258654272,0.498398644,0.388888889,0.241218925,0.450792182,0.209090909,0.111381215,0.048572046
447,0.466666667,0.335099338,0.299770115,0.405555556,0.235063207,0.197861045,0.42962963,0.234661355,0.45364186,0.372222222,0.222560813,0.415459716,0.26969697,0.158870473,0.066643253
448,0.416666667,0.272847682,0.186896552,0.388888889,0.22089155,0.18616366,0.481481481,0.288003541,0.549488853,0.344444444,0.191446137,0.355032174,0.260606061,0.154990792,0.066957537
449,0.422222222,0.27615894,0.171913455,0.377777778,0.206187625,0.170815705,0.474074074,0.282735724,0.542068282,0.344444444,0.193130179,0.359036464,0.296969697,0.187354205,0.081528622
450,0.411111111,0.273509934,0.207991886,0.394444444,0.22588157,0.190478043,0.511111111,0.32478973,0.628128926,0.394444444,0.244319701,0.452164461,0.248484848,0.143449969,0.061292098
451,0.405555556,0.265121413,0.176524679,0.388888889,0.211111111,0.170174585,0.503703704,0.312660469,0.597628093,0.361111111,0.210585405,0.392309787,0.251515152,0.14742787,0.063826968
452,0.394444444,0.245033113,0.195334686,0.388888889,0.215701929,0.180027233,0.466666667,0.279017264,0.546893798,0.361111111,0.211146752,0.393584942,0.23030303,0.126875384,0.05462201
453,0.488888889,0.349889625,0.287018256,0.405555556,0.243712575,0.211380473,0.488888889,0.303452855,0.591867092,0.377777778,0.228842555,0.42611091,0.266666667,0.161915285,0.0704419
454,0.444444444,0.303311258,0.228803245,0.383333333,0.214836993,0.181799024,0.474074074,0.280478088,0.531190702,0.338888889,0.181903234,0.331467476,0.242424242,0.138244322,0.059237659
455,0.405555556,0.265783664,0.19459094,0.4,0.233998669,0.200992884,0.488888889,0.29747676,0.565132204,0.355555556,0.201069233,0.370323669,0.293939394,0.188090853,0.083017192
456,0.466666667,0.326710817,0.2480595,0.333333333,0.168662675,0.140942469,0.481481481,0.296060204,0.580589172,0.344444444,0.187356322,0.340454776,0.26969697,0.165549417,0.072853172
457,0.416666667,0.27196468,0.209127789,0.366666667,0.199667332,0.168346869,0.42962963,0.231297034,0.4367643,0.338888889,0.184496124,0.340398621,0.287878788,0.180650706,0.078738114
458,0.377777778,0.233995585,0.175429344,0.377777778,0.20924817,0.17668385,0.459259259,0.269632581,0.520411675,0.388888889,0.239053729,0.442880486,0.272727273,0.16412523,0.070356237
459,0.372222222,0.228697572,0.170777552,0.394444444,0.227478377,0.192569178,0.488888889,0.29729969,0.561319281,0.355555556,0.19967923,0.365020847,0.306060606,0.199975445,0.089119949
460,0.455555556,0.317218543,0.245422583,0.361111111,0.19407851,0.163584269,0.533333333,0.350110668,0.677272588,0.416666667,0.270809944,0.509265177,0.239393939,0.135764273,0.058268355
461,0.394444444,0.253642384,0.196078431,0.427777778,0.257618097,0.217281849,0.481481481,0.292253209,0.560433837,0.35,0.196925956,0.36207529,0.275757576,0.172326581,0.075837968
462,0.488888889,0.349668874,0.272035159,0.366666667,0.197937458,0.165993127,0.42962963,0.232625055,0.443482235,0.338888889,0.185939588,0.34277107,0.242424242,0.139177409,0.060128167
463,0.433333333,0.290728477,0.217119675,0.444444444,0.278110446,0.238667348,0.459259259,0.264453298,0.499721192,0.355555556,0.202699813,0.374594028,0.284848485,0.175003069,0.075245309
464,0.416666667,0.268432671,0.198607167,0.372222222,0.20592149,0.177697807,0.459259259,0.266710934,0.51320353,0.45,0.306281743,0.573756778,0.263636364,0.157544506,0.068148033
465,0.444444444,0.301545254,0.229858012,0.383333333,0.216899534,0.185383132,0.481481481,0.291412129,0.557689165,0.372222222,0.221946004,0.412742631,0.233333333,0.128520565,0.054193809
466,0.45,0.299779249,0.219621366,0.438888889,0.26912841,0.228746616,0.42962963,0.22934927,0.425029362,0.344444444,0.19251537,0.356347818,0.245454545,0.142344997,0.061457795
467,0.405555556,0.258498896,0.179783638,0.35,0.18835662,0.163311936,0.511111111,0.322664896,0.618985467,0.388888889,0.237530072,0.436579182,0.306060606,0.195702885,0.084662117
468,0.394444444,0.251214128,0.182934415,0.422222222,0.253559548,0.216010148,0.451851852,0.256440903,0.481825934,0.388888889,0.24039027,0.449023932,0.242424242,0.136157152,0.057672431
469,0.488888889,0.353200883,0.302718053,0.394444444,0.225482369,0.192226329,0.414814815,0.213191678,0.396046652,0.344444444,0.189441326,0.345965344,0.272727273,0.161645181,0.067983012
470,0.411111111,0.262913907,0.183434753,0.405555556,0.236260812,0.197619511,0.503703704,0.314342629,0.601091741,0.394444444,0.24982625,0.474491842,0.224242424,0.120294659,0.051052322
471,0.422222222,0.276821192,0.195740365,0.372222222,0.207052562,0.175845775,0.488888889,0.298849048,0.572506817,0.372222222,0.218765036,0.400495023,0.260606061,0.155138122,0.06753106
472,0.4,0.252759382,0.181000676,0.333333333,0.168662675,0.141513074,0.451851852,0.253474989,0.476420336,0.35,0.202138466,0.381510375,0.23030303,0.126580724,0.053838664
473,0.411111111,0.271081678,0.196348884,0.377777778,0.206919494,0.171823178,0.466666667,0.272288623,0.517179346,0.383333333,0.23549853,0.439673921,0.266666667,0.160417434,0.069728457
474,0.427777778,0.28388521,0.212332657,0.388888889,0.217897538,0.18209,0.488888889,0.296281541,0.56695773,0.416666667,0.26776263,0.496945268,0.287878788,0.178342541,0.077296259
475,0.438888889,0.296467991,0.211291413,0.405555556,0.235262808,0.195290084,0.474074074,0.28247012,0.54099952,0.333333333,0.178989575,0.329375557,0.236363636,0.133775322,0.0575557
476,0.455555556,0.3200883,0.259445571,0.372222222,0.210645376,0.184344859,0.496296296,0.307613988,0.589304717,0.394444444,0.245576049,0.456112356,0.248484848,0.143793738,0.062058672
477,0.405555556,0.263355408,0.211372549,0.372222222,0.203659348,0.16966396,0.518518519,0.334174413,0.645335335,0.366666667,0.214167335,0.395455137,0.266666667,0.159091467,0.068169983
478,0.4,0.257174393,0.205963489,0.427777778,0.260612109,0.222525896,0.481481481,0.293448429,0.567598068,0.372222222,0.220342155,0.40619237,0.315151515,0.205205648,0.089167902
479,0.388888889,0.24392936,0.17801217,0.344444444,0.18170326,0.154867156,0.503703704,0.314563966,0.604552836,0.344444444,0.189067094,0.347981828,0.266666667,0.158919583,0.067842642
480,0.433333333,0.287417219,0.221284652,0.372222222,0.200598802,0.165499522,0.503703704,0.313014608,0.598862812,0.4,0.24918471,0.458975972,0.26969697,0.162922038,0.070563133
481,0.427777778,0.292494481,0.262014875,0.35,0.184431138,0.155877061,0.481481481,0.291367862,0.561692045,0.383333333,0.231649292,0.426131878,0.281818182,0.176132597,0.077323725
482,0.427777778,0.286754967,0.227734956,0.361111111,0.201064538,0.173584432,0.437037037,0.241567065,0.45912099,0.427777778,0.283346699,0.532388837,0.239393939,0.136427256,0.058603576
483,0.455555556,0.311258278,0.224678837,0.377777778,0.208782435,0.174673767,0.511111111,0.321691014,0.611925406,0.394444444,0.244239508,0.452620442,0.254545455,0.150104359,0.064585437
484,0.444444444,0.298454746,0.208695064,0.394444444,0.223819029,0.185749485,0.451851852,0.255289951,0.483388482,0.333333333,0.177572841,0.32277589,0.293939394,0.18543892,0.081156254
485,0.427777778,0.284768212,0.220067613,0.338888889,0.172787758,0.144427694,0.444444444,0.249889332,0.478799391,0.338888889,0.185859396,0.344927337,0.296969697,0.182762431,0.076399334
486,0.427777778,0.289624724,0.220906018,0.361111111,0.190818363,0.156326087,0.466666667,0.273793714,0.514252888,0.35,0.20163058,0.378787747,0.251515152,0.147501535,0.063691326
487,0.422222222,0.285209713,0.241298174,0.416666667,0.251696607,0.216100115,0.459259259,0.266932271,0.511253919,0.366666667,0.213900027,0.392996168,0.306060606,0.19368938,0.082981509
488,0.405555556,0.257836645,0.191575389,0.388888889,0.220093147,0.185670865,0.481481481,0.291456397,0.558000654,0.427777778,0.278668805,0.516817053,0.257575758,0.151675875,0.065561946
489,0.394444444,0.250331126,0.174306964,0.344444444,0.175582169,0.144926162,0.444444444,0.246436476,0.464756886,0.372222222,0.217455226,0.398090521,0.281818182,0.172744015,0.074134622
490,0.433333333,0.290728477,0.221717377,0.388888889,0.224883566,0.194456872,0.511111111,0.321602479,0.614069569,0.4,0.249986635,0.463932471,0.287878788,0.17898097,0.077134614
491,0.45,0.30794702,0.225273834,0.327777778,0.158283433,0.128782279,0.525925926,0.337184595,0.644845635,0.427777778,0.280139,0.520040971,0.245454545,0.141952118,0.061314611
492,0.483333333,0.336423841,0.271075051,0.372222222,0.201929474,0.169479972,0.466666667,0.274015051,0.527548332,0.35,0.196311147,0.361724146,0.260606061,0.155948435,0.067684937
493,0.45,0.307284768,0.219175118,0.338888889,0.176380572,0.149334565,0.466666667,0.273129703,0.517913131,0.444444444,0.300133654,0.562472465,0.263636364,0.158502149,0.068547192
494,0.444444444,0.295364238,0.19142664,0.433333333,0.269926813,0.235084051,0.444444444,0.246480744,0.459713329,0.394444444,0.246324512,0.459875883,0.290909091,0.182664211,0.079217645
495,0.416666667,0.277483444,0.222150101,0.366666667,0.196274118,0.162090486,0.451851852,0.25750332,0.491964623,0.405555556,0.257284149,0.478914998,0.254545455,0.14926949,0.064077315
496,0.416666667,0.265121413,0.195699797,0.388888889,0.223353293,0.189997406,0.451851852,0.257060646,0.485706772,0.366666667,0.212322908,0.389330971,0.257575758,0.151626765,0.065032323
497,0.477777778,0.331567329,0.268951995,0.344444444,0.176979375,0.147377977,0.414814815,0.21416556,0.397102138,0.411111111,0.267334937,0.504265298,0.275757576,0.168520565,0.073529243
498,0.438888889,0.301766004,0.245016903,0.388888889,0.221956088,0.187720663,0.459259259,0.264231961,0.499971404,0.405555556,0.25407645,0.467132528,0.287878788,0.17694291,0.075512653
499,0.411111111,0.263355408,0.182758621,0.383333333,0.221357285,0.192925805,0.459259259,0.267507747,0.510588049,0.355555556,0.201256349,0.367179524,0.284848485,0.175764273,0.075512878
